session_id,target
1,0.42444890728365103
2,-1.0762608432850989
3,0.6608481486040089
4,0.5164986117023276
5,1.1464075303337704
6,0.26820218163168663
7,0.5393512502850258
8,0.23992661563753706
9,1.6602464617964852
10,0.24517265648507786
11,0.22391408037431826
12,0.36106514668746137
13,0.015890589236455387
14,0.0715359877765667
15,0.7949622138956821
16,1.3174060813080133
17,0.5180751054721119
18,0.1310681334073101
19,-0.44408254452639717
20,-0.11108681160438064
21,-0.24685626458424528
22,-0.6557622968689288
23,0.443263094500951
24,0.46082935345806
25,0.14624254567624365
26,-0.338870374561667
27,0.3679646686909419
28,0.6544119117942575
29,-0.15087944105447898
30,0.29365890365166236
31,0.5861479070097173
32,-0.0004408548902724019
33,-0.4083791781606084
34,0.05916971912008725
35,0.1931983256633039
36,0.3329642881560705
37,-0.29642067581456844
38,-0.0659426342819668
39,0.3250403619589325
40,0.2804746318724193
41,1.2674201150700712
42,-0.0950937629766758
43,-0.18348779272945157
44,0.3021888022872411
45,0.08340324635300005
46,-0.22379087549922824
47,-0.5175416289791249
48,0.4317921152798657
49,0.05832934607215841
50,0.8710627713274499
51,0.4722678410383335
52,0.1926957790429294
53,1.773319220350683
54,0.23977884222719117
55,1.1064758944382653
56,0.5829329777590193
57,-0.47877727656080626
58,0.5568246699595495
59,0.43474142730751864
60,1.012110369552972
61,-0.6473352744612856
62,0.7897326618066953
63,-0.4293545391163962
64,-1.1570523692451034
65,0.5828526422964821
66,-0.03655137764589002
67,0.522642586668169
68,0.475148491280146
69,-1.0041657150142642
70,0.3125448589042761
71,0.015113620609951677
72,0.1258665639464865
73,1.1686838083138302
74,0.5223166709297319
75,0.03156775719019922
76,0.13181149970702566
77,0.3970129940031504
78,0.952014639533006
79,-0.11165612398730204
80,0.5120903660497691
81,-0.34006429072478983
82,-0.2550857817460511
83,0.6849287066503533
84,0.04590772768107197
85,0.7706102978390814
86,0.40140510408673924
87,0.4226082274293842
88,0.8497151595064014
89,-0.23058248402385076
90,-1.223549051261697
91,0.04801734557018618
92,-0.39628359504590993
93,0.16220556282912527
94,0.001019076130765767
95,0.33725549870330074
96,-0.627237540025137
97,0.21693064081172939
98,-0.8564169706578677
99,-0.37944008198570667
100,0.8019047110202923
101,0.06499563101441552
102,-1.4923275236695348
103,0.16736379318498987
104,-0.20674642744653418
105,0.45799934422899724
106,-0.4939776027460929
107,0.42156484038365405
108,0.705776814872602
109,-0.17862693495431506
110,0.6365196991516804
111,0.3198392299869154
112,1.0967210238559315
113,0.5626582403740907
114,0.7091920901403469
115,0.5680730818998512
116,0.4523341217432032
117,-0.22312636527864185
118,0.15306845411815168
119,-0.035239919399004366
120,0.001565172379686168
121,0.67695999134164
122,0.21105805439345804
123,-0.25790669352383333
124,-0.4056369843677424
125,0.10941437464542612
126,0.31607221147171316
127,0.33700379572076056
128,-0.7640990680387889
129,-0.4983467006449853
130,-0.02107632103411742
131,-0.5403452294975595
132,1.2663035622578636
133,0.5260171475600571
134,0.11278675209356595
135,0.547864029334916
136,-0.6219502862817058
137,-0.2405867091172065
138,0.45576455625694356
139,1.2864194838028613
140,0.8342840556025072
141,0.21784506559979536
142,1.0202725277727303
143,-1.3296164060652302
144,0.16872222886132962
145,0.08065721201984974
146,-0.6367360272421805
147,-0.48201484522793203
148,-0.3439101048966813
149,0.3984393057486434
150,-1.0570972342304474
151,-0.03699208264172982
152,-0.16771567577144758
153,0.06989687611965888
154,0.3391657515007632
155,-0.5336065395463502
156,0.6659197606682493
157,0.7641913436507911
158,-0.43306099059142045
159,-0.008930929334529325
160,0.7804050821240346
161,-1.6170618464278563
162,-0.9382866621616862
163,-0.4792027130187436
164,-1.5106289030090942
165,0.3387584525342252
166,1.1765253754190388
167,0.623588183981475
168,0.5350196513673133
169,-0.9294421870022124
170,0.4809411881287351
171,0.06216488781449038
172,-0.387253146886989
173,0.43850328147935935
174,-0.19460383678977156
175,0.20734812865874416
176,-0.13167356296073512
177,-2.4723095498658405
178,-0.5967297924616529
179,-0.21429667608906958
180,-0.9391663048326109
181,0.21196796743950325
182,0.032594776340787855
183,-1.053996045356441
184,0.9865168375853733
185,1.0196103013258946
186,-0.1625128154035912
187,0.949236616367954
188,0.29024868638918655
189,0.17625402038022078
190,-0.6924393659813187
191,-0.39037418478471464
192,0.6963886200550893
193,-0.07877524173974079
194,0.9459481527175182
195,0.7157934595111398
196,0.44340784542450196
197,-0.2973025397494542
198,0.018714002554463816
199,0.42286618936603726
200,-0.17324372960840534
201,0.739420616516
202,-0.7025137951100323
203,1.662022880040244
204,-0.19750994478043787
205,0.6065455548485368
206,-0.16797166760563645
207,0.2190365083783318
208,0.46728162664510886
209,0.01765119375121041
210,-0.6447278349755389
211,0.12902005665552327
212,0.22333429429828805
213,0.1032262434770488
214,-0.03434888151465702
215,-0.0541190582199154
216,-0.2908529708346641
217,1.2676377535975547
218,0.9947610214800536
219,-0.21819023513862254
220,0.36420508074517266
221,-0.25738200422742796
222,0.6806703823739745
223,0.9324791429711426
224,0.42822356152076446
225,-0.039167453686669906
226,0.4741455733586123
227,-0.36202423079368484
228,-0.5444641643828743
229,-0.980308056682071
230,0.9494289070400302
231,0.8415802583222184
232,1.3277810679775854
233,0.4193324763767272
234,0.15859272830947516
235,0.7134083065824494
236,0.6066738127256085
237,0.6322759175755667
238,0.12662431793571183
239,0.3538659136191924
240,0.8529485571080849
241,0.2917824683678075
242,1.045817186009338
243,1.1513003903762502
244,0.1541399925182816
245,0.22196572671254264
246,0.04677531356951471
247,1.7811298938720523
248,-0.04883183534996802
249,-0.041535374702034875
250,0.7130371846021004
251,0.3202270489480993
252,0.4215920574305091
253,0.1460359737292497
254,-0.6586779546550211
255,0.46850061381966224
256,0.8910691237934568
257,1.1950598929595957
258,0.6871375724265311
259,-1.0025786623029094
260,-0.07980735668790381
261,1.4588055327371992
262,0.9549220254250378
263,-0.3344719280565459
264,-0.19505425924601485
265,1.3559058474588144
266,0.656545907707913
267,1.6840884472698294
268,1.0307353999565636
269,0.34751839053476663
270,-0.34777583799072653
271,0.21890367179188355
272,-1.0625228708830419
273,-1.095609110925023
274,0.30718017852183277
275,1.2334752185837214
276,0.26820947278394247
277,-0.018561864267237452
278,-0.5127808711513695
279,-0.3056116385293185
280,0.34020993181545445
281,0.5993300094914086
282,-0.25248435555027804
283,0.12013270886026978
284,-0.4628971722321894
285,-0.1583702912428282
286,0.3175974328209794
287,-0.47957736006911844
288,-0.14636937127440375
289,-0.19588080468721566
290,0.8188589569086556
291,0.3354684393683345
292,0.03755597056965537
293,0.0207298323646099
294,-0.19324971314326658
295,-0.11638769857587056
296,0.3659394246466503
297,-0.40900998874289674
298,-0.12326543258342512
299,-1.552923315872069
300,0.2896085064940549
301,0.5390078184544277
302,-0.35333524810163486
303,0.2885817382288818
304,0.13332001716056574
305,-0.23801502450590942
306,-0.40502331538681646
307,-0.825279362085863
308,-0.10702527837797327
309,-0.21349187019881297
310,0.09724892306053504
311,0.1674108835664009
312,-0.6518687066143072
313,1.2307861496200119
314,-0.15158298512344232
315,-0.8861998689869443
316,-1.351474298731504
317,-0.5507652732008552
318,0.2228776061042689
319,0.4733507392463979
320,0.08581915496895866
321,-0.02091376903569643
322,0.5092580735077843
323,0.7603360846920361
324,1.016412881809184
325,0.14555514335961167
326,0.24588501166739554
327,0.9410616191117753
328,0.039675473011746065
329,0.5048387127398024
330,-0.31871081409919455
331,-0.727879469476716
332,0.1128381431508573
333,0.34853924635147604
334,0.01328657445552783
335,0.21108389628567248
336,1.1566375274664782
337,0.22220938104794782
338,0.5986323329091525
339,-0.22922790852937688
340,0.45143740525981935
341,0.11070512688088265
342,0.7166736065800994
343,-1.178480756402575
344,-0.7547120700709489
345,0.12141548312627962
346,0.8393471023896585
347,0.3791860463158804
348,0.2258041086194558
349,0.4275963224401753
350,-0.11591854817913963
351,0.2938888930905016
352,-0.14712989678216915
353,0.2645653884201387
354,0.24637139125576102
355,1.0122623740352488
356,-0.37979029357867455
357,0.07081726031315412
358,-1.0511283055882943
359,0.011764517746261409
360,0.12345781237055954
361,0.6686311838512069
362,-0.162126536125202
363,0.11090265173329789
364,0.8823120777027017
365,0.4911587938161608
366,-0.6367160577840372
367,0.7160616280201899
368,-0.045951312537187775
369,-0.8741828022365732
370,-0.7092719440598496
371,0.638826262431075
372,0.5464898136280846
373,-0.3136818892465101
374,0.05514117211664048
375,-0.07450036678955287
376,-0.19405143605187375
377,-1.0185183672446523
378,0.3577071297715346
379,0.8050148466751039
380,-0.6159185700944532
381,0.7327048327735146
382,-0.009362960524940712
383,-0.4755275492336848
384,-0.9546070919438218
385,1.214580249161296
386,-0.5926236924848435
387,0.7174657060842222
388,-0.4212412452614942
389,-0.02471792016380428
390,0.589921698204834
391,0.3421982043439745
392,0.18383946489346348
393,-1.6948484799613106
394,-0.18908796503948377
395,1.1863531463366797
396,-0.16392040822258264
397,0.1971383595689148
398,-0.5951754153734817
399,-0.35532618476251776
400,0.5923950798688956
401,0.02416348535212853
402,-0.5574980269901944
403,-0.33808867060438985
404,-0.31223843196993595
405,-0.46872960329693547
406,-0.4219904329598514
407,1.510133105475492
408,-0.7929808209875504
409,0.43316649336817126
410,0.6244789057979756
411,-0.3091696781758714
412,0.05532517765708328
413,0.2549292929362847
414,1.271875888256778
415,0.22568707514458364
416,0.7055774117903895
417,-0.0633093996867816
418,-1.481291074627494
419,-0.2623773649891128
420,0.6148607377268384
421,0.6004949250183342
422,-0.24347717879018435
423,0.6796381970066321
424,-0.30221592770154837
425,1.0292383276519046
426,0.11112357004567285
427,-0.0020850147003581843
428,0.05344849671407084
429,0.009016739168379431
430,0.5535021251435849
431,-0.500691123475419
432,-0.05539363975665755
433,0.5807075775284491
434,0.010239735565407374
435,0.020763101353777586
436,0.5956164995806288
437,0.16272330050536063
438,-0.29351676259058934
439,-0.05501400052900947
440,0.8939575759983107
441,0.5939092052542847
442,0.3344256798043862
443,0.39355746310988315
444,0.8481967798790118
445,-1.43061318988194
446,-0.5040953209229821
447,0.039128784726774696
448,0.45796808395597355
449,-0.11727100249621861
450,-0.0517812442479358
451,-0.18110189964903217
452,0.19392176976434325
453,0.6319939107716069
454,0.4827299006984461
455,-0.7964613609751029
456,0.40048686339974504
457,-0.3848314647779386
458,-1.0078347013238245
459,0.33581326438821457
460,0.5696792453589535
461,-0.13109107375525467
462,0.5520463119066225
463,0.3116793989579144
464,0.2948187806780165
465,-0.5598706055182132
466,0.16878163530566553
467,0.3167581614477136
468,1.0593514180898451
469,-0.019115469467037155
470,-1.1362532381978445
471,-0.3108338811662066
472,0.2283826016938836
473,0.7235996495949657
474,-0.15852200849760018
475,0.3598095515760332
476,0.14199468299590826
477,-0.3398398395094996
478,0.9442615251443194
479,0.679059701597289
480,0.04299174078552068
481,-0.4174596657201204
482,-0.001439706385911045
483,0.45123554791314324
484,0.33635480853913613
485,1.286278613681963
486,-0.10680804901764235
487,0.00889003790404709
488,-0.2535895285107148
489,-0.7249323945198362
490,-0.35445495988446585
491,-1.2211383159863867
492,0.37499110735714825
493,-0.0964432891514038
494,-0.014747286348577707
495,-1.748862967687837
496,0.2127962121175339
497,1.1430275199779532
498,-0.6355725354181591
499,-0.48797720568476144
500,-0.23314394785575823
501,0.5450375110262135
502,-0.9258051927751115
503,0.05549534305517622
504,0.38434055667688305
505,0.12496868189757473
506,0.09022964769800028
507,-0.2533710519818152
508,0.9554499656854554
509,-0.4324035887390617
510,-0.19540108092357397
511,-0.6074164979921426
512,0.18067501941168138
513,0.42930466907266884
514,0.13387068204147967
515,0.19570273632130708
516,0.4732873033882865
517,0.242540663546809
518,0.5458401840030797
519,-0.3916232459494364
520,0.37288419688008956
521,0.826066324472807
522,0.8007856442103909
523,0.031544088668373056
524,-0.19301198020669444
525,-0.4857663453193327
526,-1.2169085346011326
527,0.17360651163964128
528,0.3125567817129976
529,-0.7565913616373822
530,0.4674566266157554
531,0.9123797757616587
532,0.28204513827045574
533,-0.4474436481440335
534,0.17520921547011312
535,-0.21980705038103035
536,0.8946467333928403
537,0.3558772164582077
538,-0.3802855961547129
539,0.45551061925934133
540,-0.8591117871236399
541,0.4463429713576039
542,0.3315352374421062
543,0.44019077530384476
544,-0.4155961469460554
545,0.5053211487608095
546,0.10804503607968988
547,0.1880436032576057
548,-0.643278771611053
549,0.3122884281696854
550,-0.7396915811019065
551,0.9651031707183103
552,0.40017484537967085
553,-0.292131434622686
554,0.07817221080324363
555,0.9502704261079192
556,-0.026224344469271188
557,0.26156181649552596
558,0.031774939953990264
559,1.1347491957829001
560,-1.5019764007511893
561,0.7661768949881794
562,-0.16539486966946315
563,-0.15212865006268117
564,0.3819546851918091
565,0.02024806167435462
566,0.06672966108045843
567,0.1966237030922978
568,-0.16041917918493773
569,0.6769853377873623
570,-0.8775536589140374
571,0.19477030352144378
572,0.31393550420451266
573,1.3033824075218226
574,-0.05392866648191669
575,0.41490636273414183
576,0.26670566686693126
577,0.7746524272954303
578,-0.3137396229775572
579,0.5329229316981464
580,-1.220123062910561
581,0.608464951666237
582,-0.09316809634875184
583,1.1116568172410377
584,-0.19135248544869585
585,0.513724709897787
586,-0.5571819362125743
587,0.15973039651853468
588,-0.5392519144304793
589,1.2612350382306239
590,0.03763392255190273
591,0.5778029058867924
592,0.3381317057963148
593,0.7890901673865773
594,0.6903820459256058
595,0.081159826157602
596,0.3130536893133927
597,0.001429798835216857
598,1.0109526791587247
599,-0.5165071028166346
600,-0.09934101270351708
601,-1.2504130856678755
602,-0.5640142124023191
603,-0.051961231260215096
604,0.31634251313717454
605,0.6394631658858454
606,0.6333041277429952
607,0.05303729192971721
608,0.2807104636687392
609,0.4085563341753041
610,-0.9639740713473006
611,-0.37901039172616646
612,0.8288816271894566
613,0.7704226757055297
614,0.40791398504352383
615,-0.02139419806771499
616,0.29814059687670247
617,-0.313463536725446
618,-0.01622989605446605
619,0.7624557920325119
620,-0.44422130380247926
621,0.89729594372796
622,0.288849476097671
623,0.26060575372755923
624,-0.004895286362812827
625,0.24766873635581146
626,0.2637116690096542
627,-0.05627618704799389
628,1.3421530712959793
629,1.239613254738181
630,0.23018815604661166
631,-0.06545910672056623
632,0.3269703432375123
633,-0.358828849571749
634,-0.057295218688092994
635,-0.4926463256127662
636,0.03945153661562936
637,0.45543226065705855
638,0.9361097023635407
639,0.7755033292610403
640,0.2416173779154121
641,0.29197229114347034
642,-0.8126518746214626
643,0.9327834235894323
644,-0.3762044293848924
645,0.23123840743117607
646,-1.3633253253490578
647,-0.07404778326364408
648,-0.7310882500807797
649,0.28290078425308235
650,-0.04360822049023576
651,1.2114835430790947
652,-0.0035589995490108994
653,-0.10242967316151799
654,0.7433119615854328
655,-0.6342296488384261
656,0.32863919924036755
657,-0.6030317422232658
658,-0.06007285217199536
659,0.57925233071677
660,0.18895678266011956
661,0.056687321834322346
662,-1.4965886823877885
663,0.18730037156048412
664,0.7017329911805023
665,-0.3676833710251496
666,1.7482068163967435
667,-1.1855751957129064
668,0.38288456617073985
669,-0.1574366112438599
670,0.4268240877648418
671,-0.4177856128804315
672,-0.6161741510270127
673,0.8090092341376746
674,0.45118626021039865
675,0.49513809707069856
676,0.10769180008772644
677,-0.1481642412547429
678,1.349548798178868
679,0.7668330404226741
680,1.0332375847170006
681,0.2106849978069786
682,0.4233960239205533
683,1.508679685456298
684,0.5604877845095345
685,-0.6062781218909262
686,-0.2723988856671714
687,-0.05489536514599809
688,1.187826281228831
689,0.9860114116513791
690,0.574911362483322
691,-0.9557213681978515
692,0.8845687632086886
693,0.30974948222456045
694,-0.5825483192519187
695,0.5020996981935425
696,-0.6015756474128874
697,0.8514661911515669
698,-1.590347168372235
699,0.8021561698944604
700,0.30630685610096553
701,0.6625672069379936
702,-0.49457709334708155
703,0.32530978775949637
704,-0.25626346578743586
705,-0.9181704387615881
706,0.21782306163264076
707,1.135539960414139
708,-0.5815695262659458
709,-0.3971899194085343
710,0.7249738719562812
711,0.4116652811205668
712,-0.2316537776957386
713,1.4288109862252036
714,0.14743804703652008
715,0.19168410456992963
716,0.22457129592053773
717,-0.5153845701102288
718,0.11184417484699287
719,-0.4566460553292011
720,-0.3033644100320543
721,-0.21187512186405147
722,0.7604122836354296
723,1.1425965545253673
724,-0.6269930771272908
725,0.06308650975504879
726,0.8504738243415602
727,-0.01424813097538559
728,0.9300333895573654
729,-0.12971183434054104
730,-0.4800931007917272
731,0.3932282312842086
732,-0.9702103464840528
733,1.1745273003808363
734,1.2228230534135722
735,-0.32016329730269577
736,-0.12991067393995384
737,-0.14441120143768169
738,1.4336861823020164
739,0.6656378916880811
740,0.5390003612778089
741,1.003805879621698
742,-0.4352194412130903
743,-0.4999914242987985
744,-0.15972935673211872
745,0.9821202270886431
746,-0.02318283440326302
747,0.06371338221279303
748,0.5398647880484536
749,0.1097123604557937
750,-0.9210182029156959
751,0.9488963024854205
752,0.9639976669620661
753,0.46517828987002185
754,-0.22096042675467967
755,0.2272723873785814
756,0.593823105112006
757,0.21047194100642863
758,-0.21364176840532054
759,-0.5601217445847111
760,-0.03081613302913934
761,0.6457006683882504
762,-0.02830769200037052
763,-0.5417960351780923
764,0.034410010201457696
765,0.207025879898416
766,0.14059810704739503
767,-0.36566466893247807
768,-0.3494033587551626
769,-0.9303940762776141
770,0.0838067144727751
771,0.23754596587361707
772,0.9793708264883585
773,-0.6671974360085916
774,-0.1297811024846976
775,0.026120866617194427
776,-0.05638766517686569
777,-0.10239099251164707
778,-1.6309342926507107
779,-1.5551969357997018
780,-0.6083104460042424
781,0.2723057746758411
782,0.572451392774559
783,0.16033659441286383
784,-0.13395890544591144
785,-0.40773780286196726
786,-0.5449939776943574
787,1.5802991150572094
788,-0.16845465434062237
789,0.09396297603993385
790,0.8134955580885906
791,1.0612950488365915
792,-0.5861739797284081
793,0.17741558880455752
794,-0.9827911730095953
795,-0.5362383116227069
796,-0.19612157757060616
797,0.7585457367628631
798,0.9479751328967011
799,-1.066674609952234
800,-0.24626816948182814
801,0.9201033593885242
802,0.32682423665168536
803,-0.036758992360953785
804,0.034285318227414166
805,0.33246126364203243
806,0.24161302704586643
807,-0.09040058567262427
808,-1.3394948794474484
809,0.43066821212558537
810,-0.660119585820769
811,0.6322500326880932
812,-0.028873724608629414
813,-0.6073709486131094
814,0.26120522045497707
815,0.7948121630938685
816,-0.19595886018371608
817,-0.6012843014620343
818,0.1437352243134822
819,0.3287172413009728
820,1.2482901711645
821,0.3381757465749162
822,-0.9511116027897002
823,-0.03585546166383141
824,0.7560322289604577
825,0.1717140627805904
826,-0.5439807916700282
827,1.0214020123413285
828,-1.2524448113075912
829,0.721837467643525
830,0.07625179660850494
831,0.11572030165200238
832,0.5041298976413854
833,0.4868916301482915
834,0.2511746514961954
835,0.4579622690000943
836,1.1626925290574766
837,0.8402165056802047
838,-0.7206273981791863
839,0.7415217528354348
840,-0.27782269707341023
841,-0.6030480481757109
842,0.642658969238255
843,-0.7090345380620736
844,-0.5744766701794495
845,-0.5706219744341963
846,0.29367928297337376
847,-0.14553259226931606
848,-0.33967791912208045
849,-0.9321235568785231
850,-0.5400225359338126
851,0.5536876639048101
852,-0.5359777496971857
853,-1.0178666005793986
854,-0.5790258189819616
855,-1.1673799809439533
856,0.788723238955648
857,0.038449209592400765
858,-0.09199482784604215
859,0.021244571356460247
860,-0.16534367827630905
861,-0.5101472939973282
862,-1.5852336926254913
863,0.1552725917505935
864,0.08232519074314948
865,-0.28212807086394687
866,0.6256571462927073
867,1.4353892600468998
868,-0.009197858066454706
869,-0.1461961068047577
870,0.06855956846386542
871,0.7328478845221492
872,0.03338437464373667
873,-0.42364134346822047
874,0.3867620843004722
875,0.28898709070510825
876,0.7019351315294121
877,0.20283046244324784
878,1.3648884214689763
879,0.22334509356974316
880,0.16016245085673514
881,0.9695497277042521
882,-0.038719311123426636
883,2.0137505114266747
884,0.25128302915699163
885,-0.12769409210421326
886,0.33023478269731565
887,-0.4378820949006462
888,-0.04387985618091196
889,-0.17826454540732287
890,0.14939678263250866
891,0.1735144536420689
892,0.5298443674968535
893,0.2103070068325103
894,0.2786605028369076
895,-0.34923764876318475
896,0.35007287057985337
897,0.5963563179763592
898,0.08108147098775444
899,0.37225296654231055
900,0.3337144235463344
901,0.48278480348094344
902,0.5204014215568054
903,0.3416479527699473
904,-0.07211803483972118
905,0.08485418643375664
906,0.061743436205053855
907,0.06027125051038896
908,0.05817494310036581
909,0.3906678436193286
910,0.31432349127721293
911,-0.30394681570945015
912,-0.048748858135799
913,0.5579163616259504
914,0.09822397754566639
915,-0.4775576187614836
916,-0.2243658152395883
917,-0.052145634538489014
918,0.48775059351673455
919,-0.12086804853547903
920,1.0430317134446663
921,0.5671243940018229
922,0.3756925657900486
923,0.20783717544253394
924,1.0298113337536317
925,0.19447251609712654
926,-0.29839755106065724
927,0.5462981734014208
928,0.6977455391195188
929,1.646392941350727
930,0.5351826664492381
931,-0.8319208493390162
932,1.5514643561192851
933,1.0228417372606828
934,0.7109518830254639
935,-0.4125111395624389
936,0.5121283480769926
937,0.3343992767367836
938,0.2800051787784769
939,0.13737835881659516
940,0.36672773467663466
941,0.8095993925499924
942,0.4976573744398203
943,-0.014500430207548945
944,-1.6839517443817607
945,-0.5177215753008952
946,-0.2646297240325577
947,-1.462948002952395
948,0.20250549974461168
949,1.3073930053379026
950,0.21674134667619785
951,0.6360832192073466
952,0.6592610828157359
953,-0.8010391353443803
954,0.33743384978252433
955,0.23186609824609997
956,0.8181867535084759
957,1.062292647237852
958,0.1275646910725302
959,-0.8162357849742786
960,-0.13504022935722237
961,1.1345512263574529
962,0.5022293507569592
963,0.20077525337658408
964,0.8143570645466076
965,-1.5963014716777
966,0.0019218842686751086
967,-0.3038798155910194
968,-0.11233590201252303
969,0.9167460135026559
970,0.9076134152756131
971,0.4154337836123012
972,0.049808912630642146
973,-0.1347749257516025
974,0.23704055413268202
975,1.0841082679884895
976,0.48048911194624544
977,0.03550338028674573
978,1.077555792690233
979,0.1951662675994978
980,0.46612695074442323
981,0.9734086274877071
982,0.9094991182107077
983,0.4906055826179956
984,-0.7641863638559084
985,0.27504921431343893
986,-0.16031706360412956
987,-0.2992672654764238
988,-0.1930521646860291
989,-0.4034450904378829
990,-0.4016977166324367
991,0.65655286145117
992,-0.4236337383696064
993,0.21792254939300396
994,0.7508277874217352
995,1.3099107251484776
996,-0.09496382346851992
997,0.9200135172707513
998,-0.9377357263318143
999,-0.2781069604491756
1000,-0.5538220397882423
1001,0.12948692838425224
1002,-0.4199112099622325
1003,0.448859778631183
1004,-1.2791105380854513
1005,-0.023235642085084093
1006,1.018790470447144
1007,0.4708520808854849
1008,0.6883680179993414
1009,0.4095051784617053
1010,0.6404968334325373
1011,0.49755461378677357
1012,0.9805763802251498
1013,-0.03204090549656591
1014,0.07875295126225496
1015,0.0518887367022457
1016,0.053496864554091486
1017,0.47502602151353734
1018,0.35942902424513246
1019,0.3439269475520025
1020,0.9119782998112262
1021,0.2176827730151747
1022,0.31197025596522054
1023,0.4952404986934523
1024,0.3199833792703254
1025,-0.1932178184034076
1026,0.025668137302732787
1027,1.2449315181902378
1028,0.5644546219381007
1029,1.3705108648999664
1030,0.5789415994521634
1031,-0.7938815484567976
1032,0.2668673087491859
1033,0.4396050062345319
1034,0.7481781358561485
1035,-0.0182681409015214
1036,-0.39035073223381234
1037,-1.0694591750649933
1038,-0.14327747435527804
1039,0.9960097794965665
1040,0.1466039176472438
1041,-0.6573055098303092
1042,-1.3945276268696645
1043,0.7430591182982734
1044,0.9439550486648722
1045,0.4451066929943943
1046,0.8733412682641665
1047,0.4257763801314193
1048,-1.8021291003463338
1049,0.5277322539978883
1050,0.48205728818753146
1051,-0.20669820328073077
1052,-0.012565601569165426
1053,-0.925667006567255
1054,0.6935446060610796
1055,-0.6433172676672686
1056,-0.120573445678828
1057,-0.4323110218787255
1058,-0.3382658005805439
1059,-0.6615006295326763
1060,-0.8268833028367678
1061,-0.8676403109306492
1062,0.11513931542297688
1063,-0.7675113266840643
1064,0.6612397138393529
1065,0.6707793855375368
1066,0.6467297567855627
1067,0.13977329406082806
1068,2.0247362978159202
1069,0.06714439178002976
1070,0.6977290940061726
1071,0.3714219084751683
1072,0.36795496326364086
1073,-0.30914691804667305
1074,-0.9319621418597857
1075,1.0929383740069307
1076,0.4052849936869647
1077,0.2796413672404363
1078,1.5546183322865743
1079,0.15331697151160736
1080,-0.07743900914605922
1081,0.0745003874375843
1082,-0.5998984323055294
1083,1.0842035054229764
1084,-0.42109519480645397
1085,0.7305773173952179
1086,0.8731461003337314
1087,-0.7626568537586442
1088,-0.4872609710310475
1089,-1.51550604948934
1090,-0.49455989649522025
1091,0.41590176571067594
1092,0.6541944722532503
1093,-0.29997916621144327
1094,0.5238705940818955
1095,0.277983972327049
1096,-0.02313093777223592
1097,-0.45806308615565094
1098,-1.273469492543217
1099,-0.2725889015610128
1100,-0.7483615394940206
1101,-0.32069147174227497
1102,-0.09321116100252391
1103,-0.23195964096806984
1104,0.889344661749547
1105,0.48357891913560125
1106,0.5262632052745102
1107,0.09098738938404016
1108,1.0625645992014643
1109,0.015904775705149126
1110,-0.4653602653003206
1111,0.2731761165359802
1112,1.5853321016261825
1113,0.42232858605894574
1114,0.0429459521656829
1115,-0.03577711643654774
1116,0.34449707017558273
1117,0.27392661007717417
1118,0.9850757506587352
1119,0.19705368905423612
1120,-1.237135869455578
1121,0.5537554243121832
1122,0.7207287519929139
1123,-0.7716314009714583
1124,0.014192822012125763
1125,0.13353059656568503
1126,-1.2346685696273183
1127,0.6290692602849648
1128,-0.24789634171498245
1129,-1.4573763896123573
1130,-0.3352151225832032
1131,0.789077677633601
1132,-0.3097416906935271
1133,1.952014515310487
1134,-0.6584561531934133
1135,0.06545069692064978
1136,0.6456172251320224
1137,-0.7772247741775473
1138,0.8239148072958002
1139,-0.6632653565016089
1140,0.1762007790638556
1141,-0.2375422856178239
1142,1.1701192853426337
1143,0.3401960077104881
1144,0.19714182235586933
1145,0.7160711909241875
1146,0.5784341269283045
1147,-0.21110444856644708
1148,-0.04837577721798281
1149,0.38718921973341625
1150,-0.2911776418429618
1151,-0.466322055712441
1152,-0.6071564706070641
1153,0.04581506448394637
1154,-0.5786270331910482
1155,-0.33408714819714735
1156,0.27519792155272504
1157,-0.8585272945470969
1158,0.9401623369615513
1159,0.4072585897140274
1160,0.7493757970337086
1161,0.03506479448369251
1162,0.7006148217744457
1163,0.19104853357154017
1164,0.0839556539637199
1165,1.2344944996696219
1166,-1.7626883508553257
1167,-0.02381941636381238
1168,0.16007518912840418
1169,-0.09395694641619612
1170,-0.015088910583023009
1171,0.3706249806426827
1172,-0.30642559362999466
1173,-0.3391483489068241
1174,0.2879096333653091
1175,0.6356091109077542
1176,-0.25262488937631045
1177,0.6742108853896482
1178,-0.25642296591452707
1179,0.009307323547567456
1180,0.6428419306439879
1181,-0.5842260117364382
1182,0.3665076122471934
1183,-1.0506621373069591
1184,0.19824387180304473
1185,0.36530792141459867
1186,0.7508306588691281
1187,0.22721912738591235
1188,-0.2316304307511434
1189,0.5302913522576618
1190,-0.5107452567905286
1191,0.5259508017955896
1192,0.8099633219666462
1193,-0.6537379528944062
1194,-0.5574661696198733
1195,-0.7696311213855649
1196,0.08252719513224434
1197,-0.6286106678279891
1198,-0.1293923814365179
1199,0.8893536657064192
1200,0.3101439850598958
1201,0.5145260188700672
1202,-0.21215548801074927
1203,0.9975953303824926
1204,-1.3156750174407257
1205,0.3194683344698115
1206,-0.09548483334636518
1207,0.46746859184394374
1208,0.8711191987907122
1209,1.0510906980243464
1210,0.27348795067521403
1211,-0.6055119293539377
1212,-0.3299069368112326
1213,0.13955013648874087
1214,-1.1196972040081246
1215,0.966432995088513
1216,-0.029134420599076616
1217,-0.7143096929811593
1218,0.05278108232203971
1219,-0.3162858502554362
1220,0.19268089067223107
1221,0.028645302818823513
1222,1.054297028492656
1223,0.013168714862157975
1224,-0.520795482011165
1225,-1.2407379103549325
1226,0.11489891086288635
1227,0.3271228420430664
1228,-0.38019595026212416
1229,0.009305982656813205
1230,-0.4999328835514568
1231,0.5109542520974458
1232,0.2478108992888078
1233,0.22116004189430064
1234,-0.5111602188050818
1235,0.9296518637369021
1236,-0.34763781180658415
1237,-1.4792569754004543
1238,0.36529842064369833
1239,0.1335105436830371
1240,-0.6699083264478531
1241,-0.21895277978512737
1242,0.3929714223245233
1243,0.014708695937484629
1244,0.8933841637479363
1245,1.235533868593109
1246,0.6924177778183479
1247,0.21984661599107017
1248,-0.5708316932591807
1249,0.30738795659924445
1250,0.4251493342370892
1251,0.28377016445854497
1252,0.7140700208684211
1253,1.3160752559118718
1254,1.2505089999850874
1255,0.6175166456431144
1256,0.477993046475124
1257,0.1569629588854023
1258,-0.5916928058511793
1259,-0.5951897449242535
1260,0.2565477577981379
1261,0.3371676087516293
1262,0.4556701705883889
1263,0.6204205656516659
1264,0.14022150021990917
1265,-0.07365195882092851
1266,0.5111763098548783
1267,0.34666451502607176
1268,0.8049339943290166
1269,-0.563417428296852
1270,-0.23189492505628342
1271,0.14489965562032533
1272,0.6142559376055495
1273,0.7846690317698976
1274,-0.2223920604665929
1275,-0.544171667122117
1276,-0.33900722932705585
1277,0.7450713613465462
1278,-0.33101831497327194
1279,-0.22572148545178325
1280,0.4801558533293604
1281,0.759134539335741
1282,0.021450763030073025
1283,-0.7638072606835941
1284,-0.00023452694728044732
1285,-0.8970724257736409
1286,1.0337752561898734
1287,1.2194005429248718
1288,-0.26866641099257693
1289,0.006172656192609316
1290,0.24210900074687836
1291,0.09261310998976727
1292,0.2363816043506649
1293,-0.037776553299345234
1294,-0.21005771276425536
1295,-0.47356925684851536
1296,-0.3444608662688722
1297,-0.15754740083188795
1298,-0.178052401223876
1299,0.1679272717265389
1300,0.324749435930349
1301,0.12495827491909112
1302,-0.21189803023501427
1303,-0.8965485811899951
1304,-0.29801033459597137
1305,-0.1615268612367974
1306,-0.23675585410472164
1307,0.06622250504585081
1308,0.5089211581977644
1309,0.04182888035978995
1310,-0.0016211343814066248
1311,0.9122696547495521
1312,0.7820847717520021
1313,-0.24698441156022702
1314,-0.8395854418082243
1315,0.9360195825996299
1316,0.392904519716627
1317,0.972538398108529
1318,0.21566089565022126
1319,0.38152769685974885
1320,0.10142927102769775
1321,0.6349510797169938
1322,0.2937611983452285
1323,-0.45606387774977786
1324,-0.1696142105962581
1325,-0.43511266213043553
1326,-0.20194858410887695
1327,-0.007993738921133316
1328,0.7460689392581086
1329,-0.43809530038201605
1330,-0.23062199889743276
1331,0.7856263592775884
1332,1.159507884695499
1333,0.64386527264599
1334,-0.06752243373132036
1335,0.032693248589216545
1336,-0.4928188196105796
1337,-0.061810074694041275
1338,0.6975947560010969
1339,1.1541783987460938
1340,-0.6056337712727335
1341,0.8766051747865624
1342,-0.9971524145900874
1343,0.4235235204497878
1344,0.7794687966900956
1345,0.6584841987652708
1346,0.06572151010292471
1347,-1.1247200052900308
1348,-0.4965123828293727
1349,0.04361905128207428
1350,0.968171438489762
1351,0.03735643643585421
1352,0.17808004315807846
1353,0.9567128671354511
1354,1.2825748781366408
1355,-0.5795762705255951
1356,0.1868361218233002
1357,-0.17124679782137753
1358,0.02755072401656499
1359,0.8043178530458166
1360,0.4857507189455348
1361,-1.2240099328063896
1362,-0.02836757776213983
1363,-0.21485308833015956
1364,0.9173396761635735
1365,-0.11621851006191261
1366,0.20981873501736645
1367,0.16960390660872104
1368,0.42206631102399783
1369,-0.6807495098065627
1370,-0.32338204051003894
1371,-0.6571488462760959
1372,0.45020400628728796
1373,0.35789396373354754
1374,-1.5636912926949733
1375,0.17315030010973018
1376,0.7574248337535635
1377,0.6156247519287947
1378,0.4272338274988121
1379,0.7634418937817152
1380,-0.5980442304567942
1381,-0.05076896140100565
1382,1.1642452577134046
1383,0.4113990448797421
1384,1.3128623193411888
1385,-0.08215411003885191
1386,-0.39156488021973557
1387,0.8100858445776447
1388,-0.22945753531025645
1389,-0.8594165076398775
1390,0.3791268660121724
1391,-0.9199623440183504
1392,-0.14509767079927352
1393,-0.6001813863650535
1394,-0.49846394248824766
1395,0.1335018507576648
1396,0.4927614143398116
1397,-0.9697986146823097
1398,-1.2452767530646496
1399,0.2151019221761778
1400,1.0589120701445707
1401,0.2744783108707275
1402,0.29462433805462784
1403,0.8357748472283502
1404,0.6518492260989062
1405,-0.031076525520553774
1406,0.9558192815755704
1407,-0.3595051715496911
1408,0.4249581842449007
1409,-0.21103890212621376
1410,0.9013493725399994
1411,0.4423292320406135
1412,0.3694616331648245
1413,-1.1504686189056321
1414,0.14121428065209507
1415,0.5965221766989767
1416,0.26238857073306737
1417,-0.08169000871407676
1418,0.4925148322031577
1419,0.07805819342228634
1420,0.9641875600638156
1421,0.10829474883295015
1422,-0.9166003927129589
1423,1.220688062302555
1424,-0.05309324448712752
1425,0.39632215444559316
1426,0.7436008370629429
1427,-1.260666562049716
1428,0.43862052613477165
1429,-0.11960515705145947
1430,-0.061581040399320955
1431,0.8497646808128859
1432,-0.22841135262830867
1433,0.06225385608302768
1434,0.4827111982018659
1435,1.2765925873859474
1436,-0.3320927842778816
1437,-0.06367845816490982
1438,0.25679092186163527
1439,0.8816397382606023
1440,-0.7315716742104738
1441,0.5958647968808715
1442,-0.4750830202703038
1443,0.0501372105929124
1444,-1.0553214753810927
1445,0.8988955490351477
1446,-0.35757509621601313
1447,0.6525734030461285
1448,0.32761784626385215
1449,-0.10279682458473413
1450,1.0923837832593202
1451,0.4920353696040106
1452,-0.03900839103532924
1453,-0.5822615503747027
1454,-0.7958809397356422
1455,1.5764481852191707
1456,-0.32355398270311175
1457,-0.6114939926907936
1458,0.7520905971726197
1459,-0.7042838596128869
1460,0.0385901412872338
1461,1.124573785918664
1462,0.17191594899969947
1463,0.025229706007014886
1464,0.41755569268343395
1465,0.20348262756827634
1466,0.6012332738481911
1467,0.5764625791740409
1468,0.686037417047097
1469,0.29338648295618885
1470,0.788084833590552
1471,0.42662903592887746
1472,0.11307355914544984
1473,0.11215870247591647
1474,0.23346778627530188
1475,-0.42022470160182757
1476,-0.7267953518219528
1477,-0.13139088975091176
1478,-0.5079883675703734
1479,-0.5778747861464822
1480,-0.17888972850897306
1481,0.002238794636628988
1482,-0.3655759480923474
1483,-0.012870176338807403
1484,0.8934548826373649
1485,0.1510042915601611
1486,-0.3218637611028966
1487,0.7782247682356642
1488,0.1230842717374009
1489,-0.09809893330318076
1490,-0.5392051055283085
1491,0.5247552759689105
1492,0.21284400070399564
1493,0.5562264924234289
1494,0.8953805106875183
1495,-0.189587466382529
1496,-0.5342884098095173
1497,0.0007816677878993636
1498,-2.245352366454057
1499,-0.532413079627349
1500,1.1263511497602736
1501,-0.6384214165726864
1502,0.2155531846528061
1503,0.19724959235864764
1504,-0.1700993578324977
1505,0.6774871998612758
1506,0.30728836512583746
1507,-0.3893094826683625
1508,1.204050021802195
1509,-0.24699052486333298
1510,-0.6724269049803931
1511,0.5029606879614714
1512,-0.04185874716685646
1513,-1.500432932122064
1514,-0.24577452617315018
1515,-0.42035022734711747
1516,0.8216061987075974
1517,-0.33529269898894554
1518,0.4151068170438459
1519,0.7209671921848242
1520,-0.016970635664933655
1521,-0.0562783928981177
1522,-0.18523734116953017
1523,0.26626597335568153
1524,-0.09649760325913989
1525,0.11910951522494359
1526,-0.030069026059572526
1527,0.06148171998904983
1528,1.1008208144265579
1529,-0.3948490780248385
1530,0.6089356075905786
1531,-1.4836575610388762
1532,0.7555054231585416
1533,0.9594480606843169
1534,0.8510504395255203
1535,0.39126358829792474
1536,0.5952800959423471
1537,0.7106827943929414
1538,0.6501373153971005
1539,-0.12751059897576478
1540,-1.680406553148346
1541,0.38903735915938376
1542,0.8153423854102918
1543,-0.3624385161609144
1544,0.820218910233653
1545,0.01335169798819507
1546,-1.462061619681626
1547,0.06337083293012952
1548,0.47508397439691097
1549,0.2503047120991706
1550,-0.6654683911550276
1551,-0.6247596063227074
1552,1.0451433777209316
1553,-0.7067792424859889
1554,0.8162246532007799
1555,0.823491987072888
1556,-0.35307247738426795
1557,0.2019279513602323
1558,-0.4411688916665214
1559,0.6195262644410884
1560,0.44321530135327747
1561,-0.3105216735304511
1562,1.0794101938560359
1563,0.3766825010814464
1564,1.3897982732008949
1565,-1.2973969058026016
1566,0.3242878136698981
1567,-0.06730071268040881
1568,-0.38862970162414257
1569,0.1040405026969807
1570,0.021287146813220942
1571,-0.4132468116487772
1572,-1.4506996856689114
1573,1.0726452796381825
1574,-0.10425326387445027
1575,-0.2423198787135282
1576,-0.572443207737476
1577,0.2593382194821304
1578,0.3216824107967311
1579,-0.27052885045007735
1580,-0.09126310880863184
1581,0.7905886606212025
1582,0.0951125948342546
1583,0.5187515045443637
1584,0.003528985510201331
1585,0.7524978103913805
1586,-1.1042685779404295
1587,-0.5552834089070097
1588,1.2633929289288497
1589,0.5987383305861884
1590,0.54921552341784
1591,0.5633892564662772
1592,0.2520626672834174
1593,0.4206177505737654
1594,-0.6284446917439298
1595,0.8105446735274742
1596,-0.2749086974155751
1597,-0.4884862189614859
1598,-0.6649592365063643
1599,0.697026465834665
1600,0.3943577976949695
1601,1.1414677329781109
1602,-1.162030238893629
1603,-1.6055288048789196
1604,0.7606139523497929
1605,0.21049302868847888
1606,-0.13937296316322406
1607,0.2434414276536615
1608,0.3885917891491275
1609,-0.7436151854325284
1610,-0.881100437418203
1611,0.4126785274600916
1612,-0.011528554274941039
1613,-0.9261089483567483
1614,0.28926874932370505
1615,-0.21000420052591476
1616,-0.5688552803389271
1617,1.2404648762143924
1618,0.053314406696489965
1619,-0.42619939701937737
1620,-0.09765407060809536
1621,-0.22581579168518343
1622,0.8849350928373678
1623,0.25827494842093024
1624,0.2976871056539647
1625,-0.4828202857448165
1626,0.2132104369476989
1627,0.3710164013942998
1628,0.049860873714368176
1629,1.3023327925708308
1630,-0.6283861631224508
1631,-0.4121769955507145
1632,0.1662120334206586
1633,-0.3824008219664847
1634,-0.2217593098698434
1635,0.17485587077489437
1636,0.13707864589881222
1637,1.3409910299046681
1638,-0.10711171084793106
1639,0.8424893595765927
1640,-0.04402609128014846
1641,0.5200283604009284
1642,0.9113012981265584
1643,-0.3357124520440622
1644,0.7420412843839096
1645,0.32289187675650166
1646,0.548540087971692
1647,0.3223836737272914
1648,0.5675254191183504
1649,-0.20158914757873186
1650,0.8855570743792831
1651,0.9623183487650201
1652,-0.3483056991311986
1653,1.210449837742097
1654,0.6279411615713538
1655,0.07214901998405172
1656,0.9631639071011038
1657,0.28646201933693416
1658,0.16893960127947144
1659,-0.15373354494037003
1660,0.4829993161589248
1661,1.4361188251506551
1662,0.1338444950712077
1663,1.2567060365213802
1664,0.883754547643132
1665,-0.21184165277627173
1666,0.27454988176419726
1667,-0.08176493838114439
1668,0.7274358512120376
1669,0.5862130484081298
1670,1.5675131088202523
1671,-0.5537003329147977
1672,0.7545057554854073
1673,1.1165662885594128
1674,0.9500876026884398
1675,0.17472759688082024
1676,0.2459889766277066
1677,0.9832808494527862
1678,-0.20164269590452014
1679,1.5312587477113033
1680,-0.6893399255812303
1681,0.6362040407652092
1682,1.153246293574524
1683,-1.0146563336877892
1684,0.4781319763738693
1685,0.917106835179905
1686,0.22436560427320867
1687,-1.066972061055052
1688,0.11432465652045537
1689,-0.6926946476144555
1690,-1.1569893204100223
1691,-0.915972477511552
1692,-0.8574881492014239
1693,-0.3413220037666259
1694,0.25467431759860704
1695,0.3806253333987921
1696,1.3922150365078747
1697,0.5288690589902492
1698,-1.202874003853143
1699,0.8407238269499445
1700,0.4073994816554437
1701,0.3631553568329585
1702,0.9307010597199837
1703,0.8592166687371133
1704,-0.4046514206326648
1705,0.30374687998945094
1706,0.19212773482854614
1707,-0.8523438442008884
1708,0.36591239514485574
1709,-0.6759411979027973
1710,0.2126394335812366
1711,-0.6573819468127198
1712,0.18695163544747345
1713,1.1559102440684943
1714,-0.31437033177409446
1715,0.40879932452886836
1716,0.6538207981839407
1717,-0.6114033298639705
1718,0.24291497621073835
1719,-0.17104662009757657
1720,0.27360495148977393
1721,0.4017064818893773
1722,-0.16459184392327722
1723,-0.8809583457816469
1724,-0.4682501004422738
1725,0.8366196473830569
1726,-0.19032633214906405
1727,0.4045083572403503
1728,0.266569123300237
1729,0.11697997375003293
1730,0.4178482043318158
1731,-0.037560118024451666
1732,0.1801637714511366
1733,1.3453344558708504
1734,1.061010172891055
1735,0.57248678203785
1736,0.05698294935616535
1737,0.1750759748448132
1738,0.4029244703148299
1739,-1.273418477251432
1740,0.3152244810138154
1741,0.4983778036485912
1742,0.2800908725735969
1743,-0.3212911480837243
1744,-0.6498318467787766
1745,1.112464539185029
1746,0.17908841443813248
1747,0.31752461995453074
1748,-0.2804661791667722
1749,0.15746901490640172
1750,-1.5192824496293156
1751,-0.09036292587480643
1752,0.3760199556949526
1753,0.7308367020568444
1754,0.011825709781912982
1755,0.4180854487807064
1756,0.9559040557656278
1757,-0.3170593990409981
1758,-0.16899300493799646
1759,-0.8592845312201692
1760,0.2920231982056699
1761,0.17273957979110854
1762,0.08904198997034775
1763,0.22713454591734333
1764,-1.4478226688925757
1765,0.8866628347579064
1766,0.14039768505731037
1767,0.9357889197395671
1768,0.0905318988318698
1769,-0.3817211648005283
1770,0.10535499516458774
1771,0.16683870976739437
1772,0.12795079999002257
1773,-0.2540094674832981
1774,-1.2127801086371583
1775,1.1328108614797945
1776,-0.10304378057179142
1777,-0.06965575945894045
1778,-0.06791499928575506
1779,1.123768978139552
1780,0.25296586197573645
1781,0.41591788860324275
1782,0.20590697107916234
1783,1.0038143569000497
1784,-0.2929952684711066
1785,0.4853371644833888
1786,0.2699973781466224
1787,-0.4780869900879313
1788,-0.233338354763978
1789,0.25311314891798375
1790,0.9914890512747019
1791,-0.33725615802635334
1792,-0.5209004686768315
1793,-0.057200588212234005
1794,0.9046601974976143
1795,-0.5215356123010905
1796,0.0994319781833086
1797,-0.2154292048044841
1798,0.44032384258354684
1799,1.2169638988840954
1800,-0.2703496050958645
1801,-0.3410640690210185
1802,0.12686723974633302
1803,-0.807649933925871
1804,-0.5527740536836085
1805,-0.47353853676187296
1806,-0.2118878971043842
1807,1.3296947433276094
1808,-0.20711711689852727
1809,-0.12477117671463309
1810,-0.3830963524431009
1811,-0.2042158958847614
1812,0.9641619390210778
1813,0.22558407589472934
1814,0.7670078967294757
1815,-0.60352066214129
1816,-1.2458816413610363
1817,0.5454569202797004
1818,-0.7975494241579654
1819,0.39022027669724
1820,1.8799244365160128
1821,-0.18776612048506428
1822,0.5212510205232987
1823,-0.05665872858994156
1824,0.9865831802471903
1825,-0.5881614920820952
1826,-1.441241266534367
1827,0.027006264724713864
1828,-0.19306401562013822
1829,0.9678378883280445
1830,-0.32925797042497873
1831,-0.12996238229638682
1832,-0.07370376374368275
1833,0.4078202177102833
1834,0.3009141454767613
1835,0.3314435965781083
1836,0.11102489106608412
1837,-0.2526289614876065
1838,0.811167734785638
1839,-1.694921452774815
1840,0.15145031894580402
1841,-0.8913691164940414
1842,0.6452224253130564
1843,0.9815990539716389
1844,-0.086749154668327
1845,0.3996729777443161
1846,-0.7586817608487563
1847,-0.7822970258046904
1848,-0.08604797869151506
1849,0.8597756195101478
1850,0.7663293687983734
1851,-0.4106484262018343
1852,-0.34454688542706524
1853,0.48984768059507955
1854,0.8587689085448856
1855,-0.5263605516210725
1856,0.5280126327471208
1857,0.42673324429139126
1858,-0.3786360584274099
1859,0.1329505980393022
1860,0.739540046895312
1861,1.0604087221108323
1862,-0.47903053022650166
1863,-0.17822374247001946
1864,0.2998067123679179
1865,-0.35849035534552487
1866,0.43311811524744825
1867,-0.024452452695472054
1868,0.009955468474924116
1869,0.13599507832376218
1870,0.4228434217348047
1871,0.7011852680389455
1872,-0.33939451608564053
1873,-0.2537761740312702
1874,0.09367770271663867
1875,-0.5762189443613849
1876,0.002862428936698004
1877,-0.5240227740601473
1878,-0.48594739302846957
1879,-0.01901206236967974
1880,0.1934952750254513
1881,0.08608968685704002
1882,-0.9425203493955076
1883,-0.9930647489079547
1884,0.721676021842489
1885,-0.22822157781284133
1886,0.7897137663772613
1887,0.6737208366505433
1888,-1.7332679382399379
1889,0.8897159514804756
1890,0.5687430650821337
1891,-0.7763191483613853
1892,0.19960305151329802
1893,-0.9049003427999609
1894,0.5632097458377331
1895,0.11717157210948956
1896,-1.5941237332747566
1897,-0.26053133498724357
1898,0.1402897143979796
1899,0.952894917007701
1900,0.6111859664048619
1901,-0.1836764342550019
1902,-0.45478817314292297
1903,0.8793923291299692
1904,0.09367303123975715
1905,1.2267441860055615
1906,0.849329243201406
1907,-0.3272838708128927
1908,-0.5977573375186451
1909,-0.22861153980207474
1910,-0.3346715594149625
1911,0.5344711921751317
1912,-0.0838806696577141
1913,0.055557727737557266
1914,-0.093701549829798
1915,-1.2390771546053505
1916,0.06386154511210188
1917,0.42732080310463094
1918,1.8176843881879958
1919,0.9351439423926359
1920,-0.16926420297979874
1921,0.05907265191130261
1922,0.9623522558564687
1923,-0.2199446528919404
1924,-0.18287718368701417
1925,-0.05821631224241319
1926,-0.0047092002117992
1927,-0.12974531773381265
1928,1.08379195800615
1929,0.731536436048617
1930,-0.6281545256517717
1931,0.1279669984373773
1932,0.6325072397847421
1933,0.431729832917752
1934,-1.0043194805391937
1935,-0.9273467402227428
1936,-0.15699595621201706
1937,0.2959017969007375
1938,1.263235871728323
1939,-0.24297436024740918
1940,0.9342726410699672
1941,-0.4985404020289984
1942,0.6343462474858305
1943,0.23968414819747744
1944,0.13097141464519851
1945,-0.4144620232168208
1946,0.2332447819545327
1947,0.10511436633968804
1948,1.5146759397781397
1949,-0.30025513842911655
1950,0.06927351188250097
1951,0.7455626507407782
1952,-0.15786258004392506
1953,-0.5801793036780356
1954,0.8965301463977063
1955,0.6810729405349579
1956,0.040515523701569106
1957,1.2789020007149594
1958,0.6268494528355217
1959,-0.2710488779116358
1960,0.8135668054739877
1961,-0.30291502804634296
1962,-0.40626840500920347
1963,0.8670448546210014
1964,0.13610790598122094
1965,0.06544006611902878
1966,0.7452119423301815
1967,0.7320797185001227
1968,-0.2923933011856603
1969,0.3850047187826171
1970,-0.5554106467670633
1971,0.12964237835851627
1972,-0.09886150993622214
1973,1.0143854281847053
1974,-0.35656433288598144
1975,0.007205925773150504
1976,0.818162281856935
1977,0.7115311021951685
1978,-0.5483495110793623
1979,0.1892136275018761
1980,0.5113799464695276
1981,0.5249725003402168
1982,0.9015848443265656
1983,0.5724189398972482
1984,0.5375974266069319
1985,0.2619290724389958
1986,0.6407638793153575
1987,1.0951524358859819
1988,0.17200322548617084
1989,1.0289073963312683
1990,-0.08719124597214412
1991,0.4445680602080335
1992,0.16692878324785818
1993,0.17515246516645847
1994,-0.6818071385024806
1995,0.5242410554158627
1996,-0.7910194172105607
1997,1.055229606208795
1998,0.5560752089551503
1999,-0.22851323907008128
2000,1.28588251906487
2001,0.362532373953795
2002,1.999890853881733
2003,0.9695342913013778
2004,1.4831395577877298
2005,2.0839136894839037
2006,-0.5472484665071624
2007,0.41608701190926345
2008,0.0698373463678223
2009,-0.19324049582056835
2010,0.23609899317418728
2011,0.9865206202011405
2012,0.03734796236335375
2013,1.4750071265173155
2014,0.8605361914863472
2015,0.1692556827388559
2016,-0.2487719556634844
2017,0.908024056591808
2018,-0.061036900071410244
2019,0.38676256597328607
2020,0.004513081521916762
2021,0.8273151877160482
2022,0.4401448795983418
2023,1.6612468340232158
2024,0.6633141097269253
2025,-0.16576587281947874
2026,0.42534515159134323
2027,0.20477796075379628
2028,0.20556997371953598
2029,0.6150645669135333
2030,-0.03934263603507873
2031,-0.39266428484122895
2032,1.1770077471209595
2033,0.288349749750618
2034,-0.3275922132167064
2035,0.2148943901821249
2036,-0.9502743616145615
2037,-0.22843854079569417
2038,0.6245064192094842
2039,0.7536273824141461
2040,0.16517331626127021
2041,-0.006468010333710916
2042,0.6511767385104692
2043,-0.03807694533793979
2044,-0.5310268768069503
2045,0.35391546737590196
2046,0.4051957496172349
2047,0.015778965592121344
2048,0.32430948639746926
2049,0.3194678500421998
2050,0.9065233899396048
2051,-0.2732308150907595
2052,1.5273763042033917
2053,0.23272384386374867
2054,-0.337227733851051
2055,0.6575994840021133
2056,0.36780948171234484
2057,0.2936626778447886
2058,-0.24907464858607029
2059,0.035121011412513496
2060,0.19258475704067676
2061,0.5562141251262148
2062,0.31666859610759224
2063,-0.3963429976409859
2064,-0.40711879259175543
2065,-0.4568853461858966
2066,-0.9145068463142227
2067,-0.23010957886032926
2068,0.2919582263187819
2069,-0.002691780807972395
2070,-0.10544310985970967
2071,0.3756286136515755
2072,0.6405170149022488
2073,1.5485959124512334
2074,-0.44799970051290006
2075,0.06004179689732222
2076,-0.13052460933402557
2077,1.0234260635227739
2078,0.3649475287130469
2079,0.6247636754445189
2080,0.9785915119924222
2081,0.1743481723934348
2082,0.2305000421470497
2083,-0.19991199325637074
2084,0.48160832894780214
2085,-0.4204186015534227
2086,0.7156585581334141
2087,-0.6750913071476728
2088,-1.092657298296042
2089,-0.32409808561569564
2090,0.11266332830463877
2091,-0.06496655737277142
2092,0.4694226647830786
2093,0.5866562018812272
2094,0.9291636214278531
2095,1.2206094834125003
2096,0.9532025775456229
2097,-0.050892840183217825
2098,0.30917898129052945
2099,0.8833942044378961
2100,-0.603007305453719
2101,-0.8365621061739814
2102,0.6949965537722983
2103,0.1696281168804848
2104,0.40076702596784586
2105,0.6603898147940855
2106,0.7449825813727149
2107,0.11068093488044282
2108,0.06824755358709549
2109,1.8721258429817504
2110,-0.812930950857964
2111,0.11029568462430024
2112,-1.3295765612772323
2113,0.15980649388907464
2114,0.606239932510745
2115,0.6815083261224985
2116,-1.417653205100241
2117,-0.3956959779687874
2118,-0.4315142778349528
2119,0.125652885112318
2120,0.7684115567046819
2121,-0.7156677402602476
2122,-0.9034773261541844
2123,0.09715009681712376
2124,-0.5365416470004435
2125,0.6384141557981801
2126,-0.28442636877780825
2127,-0.1276895213263264
2128,0.3525551408342208
2129,-0.149380747228405
2130,0.4424541011307145
2131,0.07781403845507237
2132,0.15027210483900044
2133,-0.0945236660634883
2134,-0.8615126139070993
2135,0.675961596790149
2136,-0.005027281536551104
2137,-0.33400708310299576
2138,0.469050270908714
2139,0.8222839031391231
2140,0.5662850450094996
2141,0.6281589727247162
2142,0.5620154208256772
2143,0.9974130544309082
2144,0.3491044295055825
2145,-0.2093746824683648
2146,0.3627996858964181
2147,0.8357044174183884
2148,0.609995494462322
2149,0.016399705114127236
2150,0.46076742729148656
2151,0.13348414021882915
2152,-1.1815662113530825
2153,-0.020746756037624527
2154,0.5154169234752781
2155,0.6393333052596802
2156,0.819883190601978
2157,0.28533325233653595
2158,-1.0942840926002975
2159,0.7965640038040616
2160,0.2530039011539036
2161,-0.10043779633245764
2162,0.5243181054256031
2163,0.4201685859140609
2164,0.24825948528398126
2165,0.5963467115518762
2166,-0.16408730640254723
2167,-0.39390571751186476
2168,0.8621672801882289
2169,0.2550971727059479
2170,-0.4149833258773131
2171,0.8176314711536365
2172,0.0365606886940864
2173,-0.7304544106014149
2174,0.7892172150411965
2175,0.34303427004717735
2176,-0.7296628608442082
2177,-0.17540730636843532
2178,0.33904337745846114
2179,-0.6990328335745359
2180,0.07696662916245683
2181,0.7822663767565493
2182,0.030758119974847526
2183,0.6793012694304925
2184,-0.4291321510173143
2185,0.37250185700145544
2186,0.35867725924104144
2187,0.6520017186870686
2188,-0.05433794264530026
2189,-0.05842963107008345
2190,0.6854225698691855
2191,1.5390439137392928
2192,0.2465770272910768
2193,1.0242268092255196
2194,-0.5768192263482066
2195,0.6821981355314325
2196,-0.058574760768231676
2197,0.1973009151720283
2198,0.1406289764739424
2199,-0.9170777727518739
2200,-0.3283756720537079
2201,0.5824955323287555
2202,0.5666195142819307
2203,0.9360168793945878
2204,-0.49966379893042456
2205,-0.2081720477845395
2206,0.6922762306981506
2207,0.1023667292914924
2208,0.7473824706110089
2209,0.46298057796383973
2210,0.5749285220881415
2211,0.7638194990721593
2212,0.32324356653611275
2213,0.19058042351051177
2214,-0.15727493219470037
2215,1.1307690558777783
2216,0.4966979198672338
2217,0.03026288014127107
2218,-0.3284400010530263
2219,1.0040168471659219
2220,-0.8081773701716037
2221,0.12973313376357165
2222,-0.8129897600635471
2223,0.10620171366057013
2224,-0.5119788735867589
2225,0.37021053856426756
2226,0.4531766935091557
2227,1.009046528508153
2228,1.8893449268030234
2229,-0.7846482600879128
2230,-0.04428927376457485
2231,0.8380183599025004
2232,-0.3006452006341995
2233,0.28596584888404586
2234,-0.3277024555096705
2235,-0.09114854922476412
2236,-0.4155753571816402
2237,0.0013500778642745112
2238,0.6496278622438295
2239,0.25777777460150786
2240,0.46030214365588107
2241,-0.7800403368937686
2242,-1.6037067609194853
2243,-0.5920574286466843
2244,-0.7972149149457088
2245,-0.06743418303923897
2246,0.06918018427147389
2247,-0.2613842639630981
2248,-0.2057108751613862
2249,0.6501276738335452
2250,-0.2887008718400046
2251,0.2762882603995874
2252,0.5210549222956621
2253,-0.9346241644928196
2254,-0.6564099099438869
2255,0.019140942161890384
2256,-0.15794567001411447
2257,-0.08591760343536006
2258,-0.42449650945457984
2259,-0.6423282841734546
2260,-0.5669929834864893
2261,-0.016499253361406334
2262,0.38848713589452233
2263,1.8751016766678779
2264,0.053044925921645086
2265,-1.7230021645721512
2266,1.103770129965078
2267,-0.5483895248236189
2268,0.74009611889702
2269,-0.08010297240620655
2270,-0.006948200499839352
2271,0.5860350696845532
2272,0.6948882327061253
2273,-0.09780279255694282
2274,1.7728151751040273
2275,0.1795002181755309
2276,0.9486104097756346
2277,0.05764412612332967
2278,0.37653851718680864
2279,-0.2962865810512556
2280,-0.2706942885940615
2281,0.6516693939668833
2282,-0.43937023438183
2283,0.3434130852656573
2284,-0.6160583191291312
2285,0.34636629917711415
2286,1.0949547440159653
2287,-0.7543003931651937
2288,0.4808037856847167
2289,0.31952127741494374
2290,0.9017634763019199
2291,-0.16749608187285184
2292,-0.33804104029446946
2293,0.2558868756397802
2294,0.46984141767075804
2295,0.6801016934789998
2296,-0.1630658297385151
2297,-0.49756481461656454
2298,-0.8293940748604917
2299,0.7755317212617675
2300,0.05554723068315283
2301,-1.0663575593241814
2302,-0.19034117936696335
2303,0.26682023031868407
2304,0.9726701824014055
2305,-0.0019206965804498474
2306,-0.4714555487269757
2307,-0.2443505813118639
2308,0.3727447138351784
2309,-0.6838336356698305
2310,0.04726805946972882
2311,1.4361175768981491
2312,0.3409820219094666
2313,-0.8329830813069489
2314,-0.39817969478137816
2315,0.49948748248446173
2316,0.24001988292934348
2317,0.2515477196606024
2318,1.2635181611066764
2319,-0.19688516204941253
2320,-1.4641415825502577
2321,0.18554632091164716
2322,-0.35184233854639135
2323,-0.6524496310971635
2324,0.15467830577207758
2325,1.091312564532939
2326,0.017566593397787232
2327,0.3802615256421382
2328,-0.21995715548494996
2329,-0.08692558498340008
2330,0.09418337929100988
2331,0.25896550270824925
2332,0.46942819280038073
2333,-0.23259538413324818
2334,0.6885628328407095
2335,0.11302382328736126
2336,1.3000386771675259
2337,-0.122478804593976
2338,0.08448358096774028
2339,-0.4465357090476736
2340,-0.08637170586764087
2341,0.9827628637193186
2342,-0.3446462378488332
2343,0.3087807596004446
2344,-0.8304912356734011
2345,0.39769239895821484
2346,0.4830014024186977
2347,0.2472240247122684
2348,0.25456760510659104
2349,0.17211148234885174
2350,0.08172052439011998
2351,-0.3038147103812495
2352,0.7382816194708693
2353,0.10087640997415916
2354,0.6433677148776888
2355,0.17842475827810783
2356,0.06088885684608701
2357,0.7851787916013662
2358,-0.19330240376288735
2359,-0.093878201735236
2360,0.2181346162020853
2361,0.9927655634445295
2362,-0.14552656186575955
2363,-0.08124516963600784
2364,0.5275686058541753
2365,-0.00014412846125248097
2366,-1.0350439755873424
2367,0.1343689332483612
2368,-0.17644802597922962
2369,-1.3641209006799653
2370,0.09605206874105682
2371,0.5996140111247668
2372,0.11141783854546478
2373,-0.5021664547209973
2374,0.1748980245728802
2375,0.31244670126345464
2376,0.5892107610660954
2377,0.3440420020878624
2378,-0.9423058224823577
2379,-0.22807032037748884
2380,0.5865749836813924
2381,-1.3054508597538952
2382,0.43109545283381656
2383,0.7541949406550473
2384,0.37590578847974365
2385,-0.43856294338401647
2386,0.005447401581605789
2387,0.5475933051276635
2388,-0.5279794100805771
2389,0.37295283132153434
2390,0.4805105884049832
2391,-0.32314192600634095
2392,-0.3394511520138409
2393,0.5756006608088492
2394,0.7325456026124649
2395,-0.6538950346860398
2396,0.8563456363691295
2397,1.2365291591456398
2398,0.45918841626533813
2399,-0.5392775509624056
2400,-0.8799550384236803
2401,-0.1992130366273833
2402,0.045910991422587505
2403,-0.03802460116936221
2404,-0.3573849603092295
2405,1.357942072433027
2406,1.0201287654371067
2407,0.5045973520200756
2408,0.22186921091759998
2409,-0.2801606662391426
2410,0.28449546230712264
2411,-0.40822723172078024
2412,-1.5112578383567503
2413,1.0293077525538952
2414,1.1821257303474038
2415,0.8973849346028988
2416,1.0898200485438816
2417,0.3873570645851362
2418,-0.20993206176843351
2419,0.0545040098937323
2420,-0.6123091298760915
2421,0.24825422432234315
2422,1.2909783679178797
2423,0.8260301302027706
2424,0.27383680934445426
2425,0.2924712300664094
2426,-0.693889551170359
2427,0.5293970583586527
2428,-0.08373906289518544
2429,0.06877416710512743
2430,-0.34280059308016964
2431,0.15030726079739334
2432,0.48906774105223383
2433,0.3327691414988617
2434,0.1994764038912927
2435,-0.09539211460506225
2436,0.5737784045296166
2437,-0.0017265412049531637
2438,0.6815858357270946
2439,0.8660250569906706
2440,-0.9385159825361973
2441,1.1472743672852737
2442,-0.018971192639926006
2443,0.3492211661498321
2444,0.5871933916800616
2445,-0.9794241397364498
2446,0.6443488790661285
2447,0.6356287030159578
2448,-0.04954066075240497
2449,0.4261225139228605
2450,0.3735360640191979
2451,0.5343459757496736
2452,-0.5134837497224561
2453,0.589337873153543
2454,1.5625402100721082
2455,0.5983573432567234
2456,0.7010920811187403
2457,-0.6194000274925437
2458,0.12838917594271348
2459,0.030820569993394432
2460,-0.4879982997000466
2461,0.21900218160542326
2462,0.0186715730975612
2463,-0.1416830985360795
2464,-1.3153430363528968
2465,0.04149531203429567
2466,0.33905380635426463
2467,0.5713825399227397
2468,0.7922492654004742
2469,-0.6345067119735144
2470,-1.1238769480751594
2471,0.27006449142771116
2472,0.25698533423914904
2473,0.9650200760350423
2474,-0.2401945396195815
2475,0.26901141468044665
2476,0.0145609984581031
2477,0.06735369221296422
2478,0.31367070751007364
2479,0.030012860037996955
2480,0.15004871099665507
2481,0.440638736217724
2482,-0.1220612511726546
2483,0.3344469887628283
2484,1.1990733402020055
2485,-0.539943241909873
2486,0.051546785311844784
2487,0.5405131185954359
2488,1.1838104208373348
2489,-0.6869530577635511
2490,0.055257165036833714
2491,0.2470692950458139
2492,0.519038567362382
2493,-0.49928973639094
2494,-0.2957064030685129
2495,0.756404053362868
2496,0.1759627836416097
2497,0.6289422045398119
2498,-0.6656783473133919
2499,-0.8287131533233347
2500,-0.8092498992979028
2501,-0.6293766173151987
2502,-0.8638535203852084
2503,0.4344316281075329
2504,1.23862688414154
2505,-0.766208718849388
2506,0.8937938695922489
2507,-0.4597941048265267
2508,-0.0925637151617264
2509,1.2767122290456683
2510,-0.27332086133223
2511,0.41171628900559176
2512,0.23441065386110374
2513,-0.5209794098946114
2514,-0.3083776879603003
2515,-0.08872183346868376
2516,1.578482504308294
2517,0.8671607714887065
2518,0.9037223516282329
2519,-0.8842366190527335
2520,-0.9811830977043361
2521,-0.6561575699540545
2522,-0.8301666426038782
2523,-0.38965726402366596
2524,-0.20728494767610783
2525,0.40239025072031187
2526,0.6143727981092234
2527,0.18198175528863386
2528,0.5278448014799808
2529,0.6156083060319834
2530,0.04662381671307361
2531,-0.6818060167116793
2532,-0.514256369521098
2533,-0.7257095170854689
2534,-0.6993848302916224
2535,-0.9107749174148139
2536,0.9576333250511659
2537,0.7297243243819772
2538,0.16510114635772447
2539,1.242320234775228
2540,-0.4664221005728165
2541,1.8383977749801543
2542,0.6179801076465904
2543,-1.1777861950213067
2544,0.2568941062830752
2545,-0.10447594211540712
2546,0.08166396638523399
2547,0.10381423238402203
2548,-0.6861928833575203
2549,0.4296829220164896
2550,-1.1713818110445027
2551,0.418980849006619
2552,1.2993549789854362
2553,0.15674861723051398
2554,0.4454590218110296
2555,0.516555075618443
2556,-0.013012984234525508
2557,-0.041058705618693375
2558,0.2752972198509409
2559,0.27758356480567226
2560,0.45305729732153055
2561,-0.1937836529016531
2562,-0.029211047003902008
2563,0.30923516249177974
2564,-0.647995089648039
2565,-0.47520250887973303
2566,0.7380439289616786
2567,0.21154023718889678
2568,0.40641413886936106
2569,0.595345182426051
2570,-1.244781637860969
2571,-0.6726573088899422
2572,0.9252026781540285
2573,0.8480660603158556
2574,0.9013486779308617
2575,0.7397031083809101
2576,-0.22929967023249223
2577,-0.5226891344466804
2578,0.1718253882834862
2579,-0.13057174566721583
2580,0.5823868565371849
2581,-0.004642917434407444
2582,-0.3960864392819501
2583,0.44778675914810573
2584,-0.280911942723973
2585,0.8975100791343601
2586,-0.21232605135641416
2587,0.18543336646178832
2588,0.04841432988488925
2589,0.761176766623227
2590,0.0005909623403315412
2591,0.5645934318944078
2592,0.6279361840906912
2593,-0.758211247693673
2594,-0.2872586529747826
2595,0.07975675132719232
2596,0.6716488609972027
2597,-0.3892495922542425
2598,0.8799422398722423
2599,0.3731445854100769
2600,-0.14013481710783796
2601,0.7142691516984855
2602,-0.6871130556416715
2603,0.6686817875933272
2604,-0.7541922256523553
2605,-0.3593129834059656
2606,-0.600994810320502
2607,0.8045697044671297
2608,0.4004373293758988
2609,-0.38330986881158835
2610,0.7237549898255867
2611,0.6415532731700154
2612,-0.660158825961181
2613,-0.2026698441877142
2614,1.1379564386119345
2615,-1.240058901657933
2616,-0.3138883006667855
2617,-0.06239229614747281
2618,-0.14844089644632955
2619,0.417502196872079
2620,-0.32535375704860936
2621,0.7440651598820711
2622,0.5907364611415863
2623,-0.7129514878426829
2624,-0.12007408753416585
2625,0.08253680269334283
2626,0.07452994210266814
2627,0.17360242500298623
2628,0.9443827459601113
2629,0.3340127295818933
2630,0.39022124815572923
2631,0.07835642560568293
2632,-0.020375997077056417
2633,0.6824000363298643
2634,-0.12449311864443724
2635,-0.22534538246547256
2636,-0.3828113616102037
2637,0.012291167622483203
2638,-0.013276939963603879
2639,0.42646200766672393
2640,0.42998558107894047
2641,0.7089764890610023
2642,-0.04870154463482923
2643,0.44805738958144214
2644,0.17252329644523826
2645,-0.3600073439909305
2646,-0.04339643359664397
2647,0.8086326833009225
2648,1.2895245538030118
2649,0.737482452865956
2650,0.8381436143590725
2651,0.5618200129886235
2652,-0.03607932298699365
2653,-1.1607269426117348
2654,0.21253886622500887
2655,0.4611320922718618
2656,-0.2500135985546844
2657,0.6213957913820559
2658,-0.03941953029260875
2659,1.4137901413783662
2660,-0.07953436432603886
2661,-0.22389262732158735
2662,1.1961581385936548
2663,0.5467182604901138
2664,0.8655384464485305
2665,0.7792931961004285
2666,0.13059483822524692
2667,0.7454740366748923
2668,0.2264273387228237
2669,0.343427974335232
2670,0.2320597261588524
2671,0.5389717979118724
2672,-0.3073120793766547
2673,0.3901030002161966
2674,-0.16943919761659373
2675,0.9515538655886512
2676,-0.2629083067895547
2677,0.014122377780650078
2678,0.015868310881904678
2679,-0.10103080577105458
2680,0.9158630060201238
2681,0.8943226378205632
2682,0.17110352283380134
2683,-0.4229291991474041
2684,0.003939269705414174
2685,1.0162856143844228
2686,-0.25589980128712864
2687,-0.706326519017853
2688,0.8248449361948988
2689,0.21692778177924113
2690,-0.004772693867316304
2691,1.025954455847975
2692,-0.2415788818819883
2693,-1.0316888121199919
2694,0.15891883046189342
2695,-0.30630286324389955
2696,0.40647711122749175
2697,0.4383721890201929
2698,0.5616352703577006
2699,0.059390523310008485
2700,0.653752032283831
2701,0.32560382344043526
2702,-0.40903988199096386
2703,0.0870871023811291
2704,-0.5324609381072601
2705,0.3283998052234741
2706,1.154397976202212
2707,0.5658815621437976
2708,-0.6982342677528516
2709,-0.10949936052837198
2710,0.28511840471662475
2711,2.1473487776770894
2712,0.15894705241799514
2713,0.0003967040316916262
2714,0.06428529278781867
2715,0.5275417041858987
2716,0.24588734918608687
2717,-0.013540573509121481
2718,0.06429903130760387
2719,0.9316093852362016
2720,0.6914869851277671
2721,0.15182118092665817
2722,0.5072128588002889
2723,-0.33040382738025154
2724,0.9170892023494577
2725,0.261003660318063
2726,0.11298180995407428
2727,0.2999278864032139
2728,-0.2415993990293712
2729,0.676730544049396
2730,0.30103213973305143
2731,1.0499747429285615
2732,0.7543076049567787
2733,-0.948422660869665
2734,-0.5587455226316296
2735,-1.5695811130826534
2736,-0.02867199042673646
2737,0.16173541848747716
2738,0.47749540971776594
2739,-0.015811385514002747
2740,-0.7818141226999847
2741,-0.1632472218950557
2742,1.1834211560953596
2743,-0.799428999262802
2744,0.07083191338647121
2745,-0.10545932902265134
2746,0.5722573985542435
2747,-0.042064497699263015
2748,1.4702418292928836
2749,0.15936320317672825
2750,0.6176068538709317
2751,0.6661597112129689
2752,0.7452454695296931
2753,-0.7345065808194552
2754,0.8284874626947938
2755,0.1838493323180301
2756,-0.1720962703927569
2757,0.5942688015141716
2758,0.8160081212937421
2759,-0.2334379167692219
2760,-1.2889054444294208
2761,0.4164043861561446
2762,-0.23258365587817983
2763,-0.1670710784218789
2764,0.2671993834529057
2765,0.2509568421629703
2766,1.311744677367996
2767,0.24095459137340952
2768,0.06051416241979486
2769,0.5937821539209243
2770,-1.202901016994475
2771,0.11566064077858759
2772,0.21385871693597813
2773,0.3644903814641862
2774,-1.2265587131488387
2775,0.08593714786101889
2776,0.4617627948165933
2777,0.40742977926657153
2778,-0.48827450343680945
2779,0.03717313566680404
2780,-0.15239545593036177
2781,0.7883306864931767
2782,0.8445722955916642
2783,-0.7299556564338355
2784,-1.0412927791651654
2785,0.4382966738798777
2786,0.4786240280166255
2787,0.17838317850035107
2788,0.2855812950976395
2789,-0.4759912811340815
2790,-0.13855838541587073
2791,-0.06838108463501241
2792,0.726813106596789
2793,0.13809241966458163
2794,0.991017511788199
2795,1.3836393197107613
2796,1.1583404390539314
2797,0.08391128623958485
2798,0.4570870220316754
2799,-0.10974654180701754
2800,-0.0998325143411942
2801,-0.8669326493756266
2802,-0.9715479056853589
2803,0.6229752449916494
2804,0.28823349952090105
2805,0.036806871629044405
2806,0.531890289035323
2807,1.1262777742643482
2808,-0.09055003491462973
2809,-1.0412738861262623
2810,-0.21910217256564238
2811,-0.8294658255808881
2812,0.4004339344826934
2813,-0.21900292021525306
2814,0.0137350486052359
2815,0.017140884241194206
2816,0.19606292501465566
2817,0.1999834786519578
2818,-0.42190246309816615
2819,-0.6206536884737515
2820,-0.17124371564097932
2821,0.6532018024856632
2822,0.3303607097649628
2823,0.6490983749944397
2824,-0.07180567368350588
2825,-0.4443866241995499
2826,-0.5328345084694177
2827,0.29691488673599453
2828,0.14295037241519115
2829,-1.0317993365495592
2830,-0.23525773711663536
2831,0.7637593778638826
2832,1.0096117666790914
2833,-0.07773739244555412
2834,-0.35342653287527126
2835,-0.6287088674363177
2836,0.07903416380751704
2837,0.15746139933072556
2838,0.1303738328335509
2839,-0.45782133346492193
2840,0.9043120654235505
2841,0.6932491986187796
2842,1.3098856224205808
2843,0.5797234693543384
2844,-0.7946664994523794
2845,-0.5726653699621114
2846,0.6527992198292801
2847,0.8186161215982709
2848,0.2936052484884478
2849,-1.3420121049167575
2850,0.17886309275293524
2851,1.033817266131608
2852,1.540821041016558
2853,-0.2380221042002265
2854,0.199378907509537
2855,0.7633202348400167
2856,-0.6232885400207984
2857,-0.29632819324775517
2858,1.2314607440788743
2859,-1.3172914687208956
2860,0.16491656096943216
2861,0.307243372640025
2862,-0.4028340226508712
2863,0.18033174321758622
2864,0.5715291958784928
2865,0.5293917356672558
2866,-0.07618890164405949
2867,0.8625926160614868
2868,1.1713887464908672
2869,0.11700776239912151
2870,1.4360418227926632
2871,0.25398089573277666
2872,-0.33327751904507386
2873,-1.0357867629253883
2874,0.32635287927500656
2875,0.4201503600938967
2876,-0.8591653646481524
2877,0.6203389251122942
2878,0.12963764181539084
2879,0.4930286317787548
2880,0.5653970437282702
2881,0.15423822095928075
2882,0.3276536890640446
2883,-0.7893571112878698
2884,0.39997237106120564
2885,-0.4886187066938885
2886,0.13354526481235224
2887,0.3725843706451558
2888,-0.1967265297238356
2889,-0.525589491808723
2890,-0.5939234508582487
2891,-0.3516306538158792
2892,0.09050749159181079
2893,-0.49435543073740484
2894,0.37416900352892624
2895,-0.6334989253584948
2896,-0.03179690979221428
2897,0.20981218830338802
2898,0.6373739141528434
2899,0.014380258543601525
2900,0.29740860079113685
2901,1.0411701733562242
2902,0.1376696663554079
2903,0.3984707422537974
2904,-0.23892139599663717
2905,-0.25168555889503297
2906,0.39438701260134457
2907,0.8531541400915266
2908,-0.13195220479411918
2909,0.31426531712535144
2910,0.2841857578151356
2911,0.346513152490702
2912,0.68429870765039
2913,0.6997180505625156
2914,0.4107208928529342
2915,-1.0581075643932332
2916,-0.2037369976852062
2917,0.11931915241798616
2918,0.9194455072848877
2919,-0.222475619307292
2920,-1.4752860255055045
2921,-0.4179285933937771
2922,-0.6241488976237113
2923,-0.1174206059276671
2924,-0.8090711948726513
2925,0.055563257218601225
2926,-0.46944390750102527
2927,-1.3370714114924045
2928,0.4657099699704451
2929,-0.048491843344079605
2930,-0.12035454525648037
2931,0.8677527012880665
2932,-0.6351258510957715
2933,0.6944054215923136
2934,0.7730857566566222
2935,0.7451202833734558
2936,-0.5037501914160324
2937,0.6714040688020475
2938,0.05090801242940421
2939,-0.33633519760028097
2940,-0.049485562091499236
2941,0.13638969071810111
2942,0.2903030978146526
2943,-0.08702078081370804
2944,0.32386568017702955
2945,-0.2710533310889197
2946,-0.5246624529290969
2947,0.040477031965711535
2948,1.0139631972750176
2949,-0.5904806434573618
2950,0.2462862165293499
2951,-1.6285300662474689
2952,0.6407254321339267
2953,0.4945487452701566
2954,0.16769599077226452
2955,0.43511911204138776
2956,-1.090450920147127
2957,0.7338862823721104
2958,0.7074493643859299
2959,-0.7885723550400229
2960,0.19621285842933314
2961,0.391360638543922
2962,0.1105854814937327
2963,-0.11089833463272347
2964,0.01718194037638438
2965,0.30365201660032826
2966,0.026550520062011106
2967,0.6682997957674792
2968,0.16214585487690472
2969,-0.3186193628684154
2970,0.37182739169655765
2971,0.2682019252547262
2972,-0.5816996649090215
2973,1.7619337870911296
2974,0.5471621127574708
2975,0.18768854664986215
2976,0.44353800921222564
2977,0.31189502807116765
2978,0.17793617138237255
2979,1.136722751170794
2980,0.9620105384165274
2981,0.18988003287829008
2982,0.8575773964341875
2983,0.24624480123909767
2984,-0.12806228023691954
2985,-0.3683968361018949
2986,0.6277382067280866
2987,-0.24010165916269385
2988,0.5197973818690536
2989,0.48107695382966387
2990,-0.6195618749696302
2991,-0.18746090388575598
2992,0.32188777714794314
2993,-0.25700918227354375
2994,0.888312254387053
2995,-0.33122752598275873
2996,0.5332596890207354
2997,0.3537191905361273
2998,0.07556796184305115
2999,0.3157779814910979
3000,1.0036871392905289
3001,-0.7069621791586448
3002,1.0771249882196163
3003,-0.24550910964489356
3004,-0.019517563203952037
3005,0.1096339499765839
3006,0.8031920384384338
3007,-0.26789702441315666
3008,0.6792037512378958
3009,1.252004664972649
3010,0.2804934336249374
3011,0.540013997761374
3012,0.08602894188356126
3013,1.1538207310230768
3014,1.0732580849826605
3015,-0.28981314599700336
3016,0.4749894380538533
3017,-0.17126010858037155
3018,-0.35138378030059847
3019,-0.019847410408258076
3020,0.6485834077772833
3021,0.4094157878343422
3022,0.4130669430606583
3023,0.7595329335784025
3024,0.433520472212366
3025,0.25651176121345054
3026,0.7246174539505102
3027,0.5329465321352401
3028,1.1393408880357685
3029,0.47776113064121406
3030,1.2809484141391365
3031,0.1004470233646507
3032,0.19009034144834464
3033,0.06302708992220296
3034,1.2292116756300806
3035,-0.3387417568869008
3036,0.2747183752884613
3037,0.039169731917736844
3038,1.5606987128284784
3039,0.9985339608992004
3040,0.4302876438687685
3041,0.02955729035846463
3042,-0.7129482177428642
3043,1.1714325503725855
3044,0.33095242624911336
3045,0.3870022793142347
3046,0.3493859065159767
3047,1.511147805345783
3048,0.658805529265114
3049,-0.004945686582136885
3050,1.3995597225704492
3051,0.5923179479055893
3052,-0.10698344167692184
3053,0.38539798023315597
3054,0.5461338295694094
3055,0.09882897188554655
3056,0.08312942899391657
3057,-0.5741645679662793
3058,0.40752192185465996
3059,-0.010189977583413244
3060,-0.49958260796871357
3061,-1.4964289895543892
3062,0.7477454324852353
3063,-1.0612796566762168
3064,-0.11447512092965742
3065,-0.07456181242792365
3066,1.206173248783276
3067,-0.44852831860508646
3068,2.466166634932936
3069,1.0641132146897456
3070,0.33106168721845153
3071,-0.0036292839035673985
3072,0.0762688834219829
3073,0.2912319107369885
3074,0.43376887752489257
3075,0.6610481441470993
3076,-1.1475470752437635
3077,0.5079401408808442
3078,-0.07835498901636945
3079,0.3980900123410904
3080,1.0409560751635785
3081,-0.25868211495368665
3082,-0.6222596017469854
3083,-0.12890526236802027
3084,0.8600578940833108
3085,0.8007209829109724
3086,1.1181020600756675
3087,1.1094136830326071
3088,0.5817172001535426
3089,-0.7860741282017847
3090,-1.0818457360606075
3091,-0.6959011251572527
3092,-0.7480496882712245
3093,0.5435356868148368
3094,1.1265449108112109
3095,-0.07165963997139205
3096,0.08445097184162911
3097,0.4509557196239735
3098,0.6125572371799196
3099,0.8321466591989285
3100,-0.21132162420268116
3101,0.3903655050317705
3102,0.872598468221775
3103,0.7752180070592584
3104,0.37377525069974393
3105,-0.08392954783493556
3106,0.9440047571841339
3107,0.06660356638364417
3108,-0.022679053845562513
3109,0.1852457009225257
3110,0.471553773641295
3111,-0.38144910314339997
3112,-1.2076258824312738
3113,0.7445859212417735
3114,0.18125438522635415
3115,-0.8496293715677335
3116,-0.695590919309147
3117,-0.5725408942157629
3118,0.5195717791742662
3119,-0.3808115876385939
3120,1.4015503129168763
3121,1.1112204240188106
3122,0.8927003746773863
3123,0.45389184650663106
3124,-0.1470890083862963
3125,0.07667942513801536
3126,0.25448283102570707
3127,-0.20422355991046845
3128,1.1538914640640348
3129,-0.22889841770429556
3130,-0.10198559442216779
3131,0.9755816307717396
3132,0.7156749287224144
3133,-1.3759409700498433
3134,-0.21953218632364682
3135,0.028806013366020736
3136,-0.43027312324400124
3137,0.25385430257408864
3138,-0.6455815159044955
3139,-0.20853389555704266
3140,-0.017212897589523726
3141,-0.07366500055424959
3142,0.6416961564724833
3143,0.5163343070010533
3144,0.34409189135486795
3145,0.34198080200620473
3146,0.23778824344823324
3147,0.2847290561422504
3148,0.4758838415841252
3149,0.9111846871736856
3150,0.7369171165291806
3151,0.9119773345106845
3152,0.038215656824248434
3153,0.6218030366066148
3154,0.6981249092886592
3155,0.2171680793352706
3156,-0.05333618420712072
3157,0.5579192990950317
3158,0.6677776563961362
3159,-0.8455618523220709
3160,0.24628594172192647
3161,0.45607268696820535
3162,-0.17730733000124924
3163,0.7758253403432042
3164,1.4696790202060446
3165,-0.09302289764307722
3166,0.7269388974717317
3167,-2.3324194719254003
3168,-0.9602816577511901
3169,1.2553536401738892
3170,0.15640935703173298
3171,-0.1361593003628494
3172,-0.7654631743671231
3173,0.4278945182495244
3174,-0.2700139672213898
3175,1.8595546998412846
3176,0.9912760521793113
3177,0.5856659798491487
3178,0.43819756244960495
3179,-0.14102736313194636
3180,0.05893731069517986
3181,0.2049515067571804
3182,0.8443365782311821
3183,0.34721520737049183
3184,-0.8301901752253203
3185,0.5837554817906759
3186,1.093659623354087
3187,0.34896106469856825
3188,-0.4424663658862581
3189,0.4732684983932418
3190,0.3749169558163574
3191,-0.1314457450769018
3192,-0.5081145890653723
3193,-0.16897001512906704
3194,-1.0618106657322695
3195,-0.26651350694086273
3196,-0.4038188758293967
3197,-0.16884532091416724
3198,0.9254689649080747
3199,-0.2316651176687147
3200,0.6145268139326504
3201,0.22597888035033065
3202,0.6476510206912115
3203,0.6810745062170245
3204,0.4378233841805471
3205,-0.00029671710211973124
3206,0.5805202862858483
3207,0.2106666733823665
3208,-0.5753716994645887
3209,0.6799876127820995
3210,0.42094609042487185
3211,0.2882370303990104
3212,-1.837901090169433
3213,0.5366700270250178
3214,0.3031388156180702
3215,-0.05110679741480126
3216,0.2082771170048838
3217,-1.0814692642831705
3218,0.8491478618076345
3219,0.5087984889494768
3220,0.571672985340039
3221,-1.2835930584955508
3222,-0.3677332663274887
3223,1.0108369245510658
3224,1.081269289151035
3225,0.33844752635030395
3226,-0.3531722931055762
3227,0.3551376456159505
3228,-0.06932136587366589
3229,0.28436525510036914
3230,-0.7869978751360815
3231,-1.0323803641018676
3232,-0.9714086594571181
3233,0.7951724114304969
3234,-0.10204413331182746
3235,0.6325699638917213
3236,-0.7611464815044137
3237,0.00982512061683985
3238,-1.1077984099497142
3239,-0.3568512930401315
3240,1.1797868846144781
3241,0.6879051460089213
3242,1.3553005435818357
3243,0.26471806176573687
3244,0.21433201546957165
3245,0.2520867817981316
3246,-0.43857829994994746
3247,0.20271158240550172
3248,0.28195409358781687
3249,-0.0015471502589669145
3250,0.7751211373816043
3251,0.5552250942297905
3252,0.24389201144412778
3253,0.8897580384241601
3254,0.31675149798352153
3255,-0.4024341913929612
3256,-0.08782673707164687
3257,1.4584658368817998
3258,-0.8952904488699494
3259,-0.8292854880189573
3260,0.5569583614757214
3261,0.4255464756397983
3262,1.3498126399199106
3263,0.7251662169101324
3264,-0.16199639149874187
3265,-0.23177326617205704
3266,-0.45644945814879423
3267,0.6197849135220496
3268,-0.787055413707759
3269,0.016545873601323736
3270,1.1901463073810823
3271,0.39638643305022736
3272,-1.6794447795247203
3273,0.013670085633499057
3274,0.052307179074288834
3275,0.7774775917062777
3276,0.8257175353075462
3277,-0.5084547012610345
3278,0.014272154942423676
3279,0.7901537854302777
3280,0.1483255507312566
3281,-0.6369560563552596
3282,0.29374992161768787
3283,0.43835347128586943
3284,-0.5272169112627597
3285,0.9392235880081078
3286,-0.6272540021783108
3287,0.11726931403988786
3288,0.5097073591341169
3289,-0.9160756428891653
3290,0.15596432793994663
3291,-0.5167841948751151
3292,-0.19590472776809
3293,1.0391677972808233
3294,0.13962074654422363
3295,-0.8147764696861465
3296,-0.9831994511352518
3297,0.7235619093658049
3298,0.520140605522273
3299,-0.10802304564986612
3300,0.5533468799422712
3301,-0.3719892450727279
3302,-0.20407087039347419
3303,0.19913996780507115
3304,-0.22302018463600212
3305,-0.015369741682273827
3306,0.24889359515547024
3307,0.0033231565831840643
3308,-0.5534568768260896
3309,-0.2643864996876617
3310,0.04851828914018962
3311,0.16145208786275428
3312,-0.4386456243624446
3313,1.03126388628628
3314,1.045204522382058
3315,0.055120386043907524
3316,0.7372266560025189
3317,0.9910135187557794
3318,-0.009240360993498314
3319,-0.12578181876166464
3320,-1.4541508316011764
3321,0.5315963539312967
3322,0.5908478433689073
3323,-0.5017697497741072
3324,0.31062022503815734
3325,0.5827901407258531
3326,-0.3579410167939012
3327,-0.546585286641883
3328,0.4824042461359044
3329,0.9896704779336777
3330,0.19007524781405183
3331,-0.41223941454651214
3332,-0.42408291812174537
3333,0.08037603233523521
3334,-0.12231516161086003
3335,0.2765473683683844
3336,1.2645258888027213
3337,0.35690442120459875
3338,-0.409064198673161
3339,0.4740625383855126
3340,0.1677065154282174
3341,0.7747497508716441
3342,0.35809270544179805
3343,0.011961082177778498
3344,0.9401258098620712
3345,-0.07501983566327072
3346,0.3201513185561152
3347,-0.12399767558192729
3348,0.6589374305970671
3349,0.36822900535144654
3350,0.7586656222852185
3351,-0.8755631870604986
3352,1.7113082842657847
3353,-0.20408389530080834
3354,-0.6910504012593731
3355,0.8804273141928547
3356,-0.5360551571892159
3357,0.17367178524083338
3358,0.9367414239960828
3359,0.4127411877849635
3360,-0.22293439413283214
3361,0.7614806468529753
3362,0.7066517200942858
3363,1.1649793462703633
3364,-0.07486989734888876
3365,0.6300100778097968
3366,0.18608330941762208
3367,-0.41738931551052827
3368,0.06822759507683301
3369,0.06774981118324791
3370,0.7696634542697994
3371,0.49302038781151314
3372,-0.028060492029570214
3373,0.3461067445559315
3374,-0.04550842159822675
3375,0.5118341572029816
3376,0.20618438492897728
3377,0.24690893448063822
3378,0.22594609271144797
3379,-0.6427044068146732
3380,-1.0051739929146322
3381,0.1393385435938852
3382,-1.274191923629626
3383,-0.18652418086888917
3384,0.5083793098651185
3385,-0.5274815578869017
3386,0.014073777772580918
3387,-0.2875276039285971
3388,-0.22549898426397633
3389,-0.10507760350281825
3390,-0.04951658564162184
3391,0.6685807659134453
3392,0.18608038448799757
3393,0.3104493170680258
3394,0.37316031160851737
3395,0.8095836148370557
3396,0.552036685316395
3397,-0.6706373337713787
3398,-0.17659493636618348
3399,-0.5314653783083774
3400,0.5079241925494488
3401,0.9994077584976492
3402,-1.1744548962431696
3403,0.19353667780279815
3404,-0.09756295650281244
3405,0.6834958847679566
3406,-0.25172869220473315
3407,-0.5005281704265725
3408,-0.032490755915035835
3409,0.6627526931656741
3410,-1.0248163196019722
3411,-0.27345515732808556
3412,0.6437143392762412
3413,0.43962338456868766
3414,0.7636309544407092
3415,1.1273662446183854
3416,0.16184086984088397
3417,-0.3346722442246899
3418,0.6554928340704358
3419,0.45031906092348706
3420,0.970518445580514
3421,1.3263470006664084
3422,0.8404029939654468
3423,0.9928546136064966
3424,-0.21088219432483649
3425,0.1840986439399276
3426,-0.05343671169884909
3427,0.9744154260806355
3428,0.49122814685721383
3429,0.37015416328418194
3430,0.5598974315040539
3431,0.8590823488354523
3432,-0.4821552576034064
3433,0.8992655676890193
3434,0.8213708899473608
3435,0.7923365125165738
3436,0.47162373820305825
3437,0.31859538995497205
3438,-0.3237800934054652
3439,-0.28466760384560896
3440,-0.13815956531753082
3441,0.658777082296143
3442,1.1649225738759095
3443,-0.8815032179892168
3444,0.4798782870279069
3445,0.9936074827745438
3446,-0.20282654175709458
3447,0.9245914545473579
3448,0.9765621326095983
3449,0.4236230015266269
3450,-0.7797544335930998
3451,0.9032604760659063
3452,-0.7581172425163332
3453,0.6397819191473574
3454,0.5383713527773165
3455,0.1495077245181668
3456,0.24449247158034793
3457,0.6156623909790656
3458,-0.14186980397732105
3459,0.3207185511826832
3460,-0.5011356273838092
3461,1.1872962852321656
3462,-0.41544453366371525
3463,0.18116346886473508
3464,-0.05876109666569049
3465,0.7045101021340227
3466,0.3025598047515752
3467,0.042424320119826046
3468,-1.695210140670382
3469,-0.5134176278963792
3470,-0.3847834592602254
3471,-0.2684671495996356
3472,0.6061389830885356
3473,-0.15740946987559984
3474,0.10112171737357102
3475,0.35630065195492056
3476,0.5173237557054748
3477,-0.6247886508374914
3478,0.8038837776138573
3479,0.2755778065722372
3480,0.5520202030517245
3481,1.4471961949669592
3482,0.8742807612240601
3483,1.4602603452851133
3484,0.6638846068111515
3485,-1.1824783897380031
3486,0.004700883837605259
3487,0.7427827114543705
3488,0.6832172867577788
3489,-0.5224255600202543
3490,-0.511155055795821
3491,0.22118380565352885
3492,0.2370445030148482
3493,0.5884929054142836
3494,-0.1106776016594821
3495,-0.8411649819632299
3496,0.15585482991715255
3497,-1.2199606862943662
3498,-1.5982134635191438
3499,-0.04381503926697593
3500,1.1442493629243005
3501,0.43354911711690347
3502,-0.2739359204712176
3503,0.8842911242493957
3504,0.25981890892180887
3505,0.43091695235671523
3506,1.0425872489771244
3507,0.4755718359969805
3508,0.7170523611938865
3509,-1.0579048467394194
3510,-1.0253528557723728
3511,-1.0290433373565047
3512,-0.41794238051649424
3513,1.279842727821473
3514,-0.5535900438312764
3515,0.4650731615202134
3516,0.3632221392550947
3517,0.2963362331852647
3518,0.7656858645442071
3519,0.9542484895386938
3520,0.6280503208509374
3521,0.319339794194197
3522,0.49575300726829397
3523,1.1114359604498032
3524,-0.43421741943811776
3525,-0.48501782113286307
3526,0.1873478373635012
3527,0.1203936981031808
3528,0.7086247916777542
3529,-0.4090978797436613
3530,-0.4331915134071146
3531,-0.38369760803279274
3532,0.3192877454012517
3533,0.4315024369556063
3534,1.1130308100400406
3535,-0.5437077159741589
3536,0.06901343991226297
3537,1.3057316765596596
3538,-0.8880386684698983
3539,0.08803765485830309
3540,-0.764059847338594
3541,-0.5066233818576483
3542,0.6502542067155985
3543,-0.12753265571623115
3544,0.6960241084552564
3545,-0.04574191524120724
3546,0.07080978356453306
3547,0.5667730603310758
3548,-0.00967862571213908
3549,-0.31303711136317036
3550,0.06138237218680285
3551,-0.8928121855009411
3552,0.16683411119148928
3553,0.8627536919704136
3554,-0.15618556276428405
3555,0.16660195459439425
3556,1.1086994642804053
3557,0.6860265156862941
3558,0.5305944994481393
3559,0.553304325936354
3560,0.26090296754791675
3561,-0.14495530617145103
3562,0.20271013744046876
3563,-0.17621297649851642
3564,0.513947128244018
3565,-0.03369048187682802
3566,0.984870889009961
3567,0.38154265401465637
3568,-0.6166733655086075
3569,0.31855858959953076
3570,-0.4443701496914201
3571,0.15167050412362187
3572,-0.5017088922770883
3573,-0.9474823529201494
3574,1.526522104154602
3575,-1.1291996286089745
3576,0.36373299109814483
3577,0.891076175273493
3578,1.3500053384791249
3579,0.5562430268346256
3580,-0.22807037427474183
3581,0.030779400758269636
3582,0.4249986681845358
3583,0.25014262832516077
3584,0.06682709909200733
3585,0.46942449704080247
3586,0.7046357951732392
3587,-1.1106868112667516
3588,-0.596473985714359
3589,-0.295803586448394
3590,0.6997975793104005
3591,-0.5055446010071012
3592,0.635951205393249
3593,-0.27913188645018916
3594,-0.6724671022775194
3595,-0.05645544659150817
3596,0.24213227727579745
3597,-1.1358718841826958
3598,0.8520671313691606
3599,0.3362951762428812
3600,0.7841285331074016
3601,1.1476755317303555
3602,0.6166980085803416
3603,-0.8535746347396698
3604,1.4982866391520475
3605,0.18600522783356066
3606,0.588848931547113
3607,1.0083653548775924
3608,0.006858181439904611
3609,0.06549306797347368
3610,0.13013308260977052
3611,0.16623804661147823
3612,0.18194799804335618
3613,0.4974768511440978
3614,0.3740564388936043
3615,-0.3889386703459865
3616,-0.010383955422703331
3617,0.05047028032297068
3618,0.18280878032852088
3619,-1.122236790972037
3620,-0.05310493037842817
3621,0.9533443355752345
3622,0.32897117039127766
3623,0.8604147289383379
3624,0.05867946871825122
3625,1.319620407761635
3626,-1.2203607654605397
3627,-0.7716049911910686
3628,0.8489793123225214
3629,-0.07932775247160002
3630,0.21853259725472107
3631,-0.9326419288579939
3632,-0.28131627315095586
3633,0.963958730355382
3634,0.47206250189773435
3635,-0.05956228313384315
3636,-0.5153456320067569
3637,0.39264638819775743
3638,0.45229755802496086
3639,0.3858011609289729
3640,0.48885500557745265
3641,-0.25496366318323493
3642,-0.4023965543058916
3643,1.507317663067916
3644,-0.39375805967243094
3645,0.01864249913165198
3646,1.2989335109755922
3647,0.13397147571928436
3648,0.028809727498836486
3649,0.9018163987195019
3650,0.19928143249583025
3651,-0.7153044688340015
3652,0.47620713585846686
3653,0.1688544517521744
3654,0.45383645614895596
3655,0.4705857149639684
3656,-0.5186751153513608
3657,-0.8544535999223584
3658,-0.09924742978226253
3659,-0.26724439017470236
3660,0.283026873068906
3661,-0.35339213961024063
3662,-0.8635426866065586
3663,-0.9119490087224374
3664,0.395265618121736
3665,-0.5141695237060806
3666,-1.0891998094079396
3667,-0.07842337728593662
3668,0.9320784468884137
3669,0.08673730872893332
3670,-0.14010325403717577
3671,0.12450494414763727
3672,0.6599839378006881
3673,-0.43176710753737413
3674,-0.19802529884883438
3675,-0.17277079823442518
3676,0.1695719672591118
3677,0.8260870286982588
3678,0.45758100752527053
3679,0.4744171948150038
3680,0.8047834465160972
3681,1.075905693347816
3682,-0.2441771600475354
3683,0.7862553807175634
3684,-0.9118559586952135
3685,1.0330772058314737
3686,-0.347680766586011
3687,0.0024070656882770256
3688,-1.0879044854866964
3689,0.7716629139030903
3690,0.4806579747830343
3691,-0.14968311782720056
3692,0.023183387722280298
3693,-0.6694305582733111
3694,0.5267491656728157
3695,0.8338070725050188
3696,-0.1429640940038643
3697,0.2636588001435902
3698,0.9402495212208519
3699,0.9797340782283166
3700,-0.23133134731518532
3701,-0.527987639382139
3702,1.7114539469079277
3703,1.1264982855215468
3704,0.42632140108539385
3705,-0.5224681264988423
3706,0.5204026252614266
3707,0.14272853423310763
3708,-0.7644942914325576
3709,1.2291926932296702
3710,0.34692822268016077
3711,-1.1931423967193362
3712,0.6611528394574209
3713,-0.27175112968763204
3714,0.006623573389492612
3715,-0.6216529019050463
3716,-0.46037431835430886
3717,0.7369710816398752
3718,1.4598114555084898
3719,0.3611662843826875
3720,1.3508375561299277
3721,0.49011560275770427
3722,-0.5815855294899557
3723,0.6365586953824539
3724,0.3207852594503475
3725,0.4127839563966921
3726,-0.09939641690956108
3727,1.0840623556933602
3728,-0.040925893856252823
3729,-0.45274803439739253
3730,0.6954316803711729
3731,-0.5387440279748779
3732,-0.22084156920583617
3733,0.2040088333085576
3734,0.3244132508498401
3735,0.6292117653322734
3736,-0.46741020896121677
3737,0.35371700873221945
3738,0.9664528532719928
3739,-0.15142950600187374
3740,-0.238982897150786
3741,-0.05347716890920913
3742,0.779892242589047
3743,0.46066575775327623
3744,0.4353053923836261
3745,1.4773539256914217
3746,-0.39454700947665733
3747,0.8484795471501324
3748,1.1358819116368404
3749,0.4370029999012657
3750,0.3063230060088459
3751,-0.8976383935560871
3752,-0.2483551259822178
3753,0.5198770597964173
3754,-0.4958346455120375
3755,0.13322399595829804
3756,-1.0276849303396542
3757,-0.5736608000864317
3758,0.6179158827974637
3759,-0.7590425381401398
3760,0.8135992482784346
3761,-0.7601455541742844
3762,0.746012452352989
3763,0.04113488973976798
3764,0.9521040279630785
3765,0.27786406572984507
3766,-0.8394014734719812
3767,1.6313268754725405
3768,-0.09296126908913444
3769,0.4023564167230511
3770,0.6111013910836978
3771,0.5359495580269581
3772,0.5238669183889936
3773,0.9283472840896452
3774,0.27097172928643876
3775,0.31445043137224804
3776,0.570741613087259
3777,-0.06796435579873193
3778,0.9907389608869457
3779,0.2270742526111493
3780,-0.4204778045885901
3781,-0.0124720888559096
3782,-1.2473264128257107
3783,0.4619049637335454
3784,0.5787248603997996
3785,0.7824499650244915
3786,0.9009855263685262
3787,0.7661132227350966
3788,1.3784557776148962
3789,0.02541801012426896
3790,0.7306414761032115
3791,0.39132941731760984
3792,0.7467907748692802
3793,0.5741752630014944
3794,0.22384929290075042
3795,0.02376208200912974
3796,0.6333698820144921
3797,-0.465621433783988
3798,0.34850339750084736
3799,0.7095695602537857
3800,0.1281290180161157
3801,0.7619767376633902
3802,0.20599450196436192
3803,1.0961478720940916
3804,1.8694241284026007
3805,0.06846106290440729
3806,0.7853476407342951
3807,-0.15947827098216052
3808,1.6567874569747925
3809,0.575542635870463
3810,0.790414785046466
3811,-1.5782609186636571
3812,1.183421003025087
3813,-0.3198387458672286
3814,-0.21813691490869283
3815,0.8815827002976444
3816,0.3663469943404143
3817,0.8978599473734205
3818,0.302601212982058
3819,0.3640155890337061
3820,0.5336655068020804
3821,-0.055040239452573414
3822,0.46653459404152786
3823,0.25988476769676905
3824,-0.44527039400939084
3825,1.05158161971275
3826,-0.1925368521632296
3827,0.8404793596440053
3828,-0.2929378010546445
3829,0.5888766723741092
3830,-0.06179457460066695
3831,0.42184005405118197
3832,0.4227048347626463
3833,0.3837940392697554
3834,0.029333574753576522
3835,0.411294145405794
3836,0.833701618988597
3837,-0.9607147438206289
3838,0.6870040881037305
3839,0.15237243259158903
3840,-1.5499751344549122
3841,-0.4859092034683482
3842,0.5608268047067347
3843,-0.1761254903893643
3844,1.2794667575565493
3845,-0.7350983831368347
3846,-0.18548281477348164
3847,0.7012670014505581
3848,-0.5612881357894032
3849,-0.6616712305209238
3850,0.23259025130361857
3851,0.6016843238049635
3852,0.5249683619325244
3853,-0.2551157155687347
3854,0.16617652408115896
3855,0.15961055831412166
3856,0.2586912916256645
3857,0.4460122404082123
3858,0.3908600199441845
3859,-0.6235363681529742
3860,-1.8185929515814623
3861,-0.8961259493446265
3862,0.5810159975851277
3863,-0.12212956038546652
3864,0.642210528178203
3865,0.24298297923769538
3866,0.4052607371210497
3867,0.22184884727020204
3868,-0.09185711323897863
3869,0.9151083060789637
3870,0.7046955725141679
3871,-0.2855808525809017
3872,0.24888128002237148
3873,-0.09046988845793094
3874,-0.6797340857090708
3875,-0.4704358010974772
3876,0.9729739420133992
3877,0.12637955938364848
3878,-0.012245168350481714
3879,0.09686512426554775
3880,-0.8507108907233659
3881,0.7811289727322738
3882,0.5807752387567139
3883,0.5567784904047937
3884,0.35517810252646165
3885,0.031836728611204096
3886,-0.17769004485661952
3887,0.027984236354238218
3888,0.32979863458469927
3889,0.49644426522419816
3890,0.6701760331306443
3891,1.0277877801340705
3892,0.9434321793897971
3893,0.38139371457787397
3894,1.3700134757900944
3895,-0.6575117452780243
3896,-0.22970271115431326
3897,0.9786729715519507
3898,0.0008484200612922793
3899,-0.2843389402280916
3900,-0.14147246587859288
3901,1.2896710831049387
3902,0.23920004427334426
3903,-0.1778958733317221
3904,-0.31377769852634585
3905,-0.6919241562143098
3906,0.36333043348910643
3907,-1.3803185106684337
3908,-0.16421751098176188
3909,0.8392323205936506
3910,-0.08500707234744415
3911,1.1307265060747624
3912,-0.0015432147051459844
3913,-0.1659476342525361
3914,0.2644578212472398
3915,0.17359690135084183
3916,0.43750580586000587
3917,-0.7104387949603993
3918,0.3340493874801559
3919,-0.6118933930984358
3920,-0.4830792993736682
3921,0.30988870163440174
3922,-0.12493619225869218
3923,0.6554078839029185
3924,0.2605319888514498
3925,-1.4579549536466558
3926,-0.2214026666105107
3927,0.34959054935752987
3928,-0.19242125188804923
3929,1.3116499879824783
3930,-0.03011697459141703
3931,0.663145685010969
3932,0.44072066626174755
3933,-0.019562157578888843
3934,0.35796298827585116
3935,0.6043669793058007
3936,0.40561872640066776
3937,0.054007967838244256
3938,0.6553386980046153
3939,-0.30153393871064627
3940,0.2102209898240073
3941,-0.35022677255047985
3942,-0.7464294967741367
3943,-1.7372955868392037
3944,1.34949160921324
3945,0.5828114305472067
3946,-0.4944241212754288
3947,1.0042080167702754
3948,-0.2872831154861202
3949,-0.4778214635225574
3950,0.7464978081384003
3951,-1.086423597194608
3952,0.46276548568098064
3953,-0.4096465277972323
3954,-0.26282628041663114
3955,-0.24310143912483942
3956,-0.37975663701909335
3957,1.090894798821086
3958,0.4182628497401917
3959,0.05503961255747012
3960,0.6585156197638954
3961,-0.20094616913413973
3962,0.9312686926557818
3963,0.10084736637927959
3964,0.48470303811894977
3965,1.0921526721995636
3966,-0.494498253646549
3967,0.5705756361441893
3968,-0.42393748173867396
3969,-0.16978974090977342
3970,0.3364245437435266
3971,0.36662864179510934
3972,-0.6492164847753447
3973,-0.20288550277628895
3974,1.0641817832040499
3975,0.7989385873297578
3976,-0.11799947569710922
3977,1.0292835565703233
3978,0.5514514860598063
3979,0.3973853238985391
3980,0.5039402032881584
3981,0.910479570171118
3982,-0.23697168731674553
3983,0.28772640576184133
3984,0.5487736428581106
3985,0.37629034203905165
3986,-0.007255308806577418
3987,0.274771226335911
3988,0.6424605995799829
3989,0.024000268202626004
3990,0.6078403837179288
